test_0000	19588164
test_0001	26903494
test_0002	26878754
test_0003	26878754
test_0004	27112940
test_0005	26878754
test_0006	26878754
test_0007	26878754
test_0008	26636112
test_0009	28987098
test_0010	26878754
test_0011	28987098
test_0012	32647010
test_0013	35822828
test_0014	28987098
test_0015	28987098
test_0016	21985316
test_0017	21985316
test_0018	21985316
test_0019	21985316
test_0020	21985316
test_0021	21985316
test_0022	21985316
test_0023	23342442
test_0024	21985316
test_0025	21985316
test_0026	21985316
test_0027	22246186
test_0028	21985316
test_0029	23678760
test_0030	23118110
test_0031	23507162
test_0032	21985316
test_0033	25279954
test_0034	21985316
test_0035	23118110
test_0036	28987098
test_0037	29458776
test_0038	29873918
test_0039	31038912
test_0040	29873918
test_0041	31038912
test_0042	29873918
test_0043	29873918
test_0044	31038912
test_0045	31038912
test_0046	21267684
test_0047	21911342
test_0048	24512642
test_0049	24512642
test_0050	24512642
test_0051	19496350
test_0052	30213700
test_0053	30213700
test_0054	30213700
test_0055	27270544
test_0056	26878754
test_0057	26878754
test_0058	27270544
test_0059	27270544
test_0060	27270544
test_0061	27270544
test_0062	32647010
test_0063	30916614
test_0064	30602322
test_0065	25279954
test_0066	25402046
test_0067	28248354
test_0068	21774116
test_0069	32647010
test_0070	25164128
test_0071	27112940
test_0072	30659588
test_0073	26878754
test_0074	27270544
test_0075	27112940
test_0076	31737184
test_0077	31737184
test_0078	21911342
test_0079	36380760
test_0080	30602322
test_0081	21985316
test_0082	20066006
test_0083	28987098
test_0084	30602322
test_0085	30602322
test_0086	30602322
test_0087	28987098
test_0088	28987098
test_0089	27112940
test_0090	27112940
test_0091	27112940
test_0092	27112940
test_0093	28987098
test_0094	27112940
test_0095	27112940
test_0096	27112940
test_0097	27112940
test_0098	27112940
test_0099	28987098
test_0100	28987098
test_0101	28987098
test_0102	28673226
test_0103	28248354
test_0104	28673226
test_0105	28673226
test_0106	28673226
test_0107	28673226
test_0108	28673226
test_0109	28673226
test_0110	28673226
test_0111	28673226
test_0112	32647010
test_0113	33756284
test_0114	31421128
test_0115	32647010
test_0116	26878754
test_0117	23173548
test_0118	23173548
test_0119	24512642
test_0120	32030738
test_0121	32647010
test_0122	30878584
test_0123	32588928
test_0124	32289146
test_0125	31421128
test_0126	26803860
test_0127	27112940
test_0128	26803860
test_0129	24957130
test_0130	26903494
test_0131	26878754
test_0132	26878754
test_0133	26803860
test_0134	26878754
test_0135	26803860
test_0136	26878754
test_0137	26878754
test_0138	26878754
test_0139	26803860
test_0140	26803860
test_0141	27112940
test_0142	23417416
test_0143	29009240
test_0144	29009240
test_0145	25279954
test_0146	25737404
test_0147	32618698
test_0148	32647010
test_0149	32588928
test_0150	31421128
test_0151	25279954
test_0152	25279954
test_0153	26348134
test_0154	26348134
test_0155	26348134
test_0156	26878754
test_0157	28923152
test_0158	30602322
test_0159	30602322
test_0160	24512642
test_0161	30602322
test_0162	30602322
test_0163	30713868
test_0164	30602322
test_0165	28935648
test_0166	28673226
test_0167	19496350
test_0168	26878754
test_0169	27112940
test_0170	27112940
test_0171	30602322
test_0172	27112940
test_0173	30602322
test_0174	30602322
test_0175	26878754
test_0176	30916614
test_0177	27970620
test_0178	20066006
test_0179	18495574
test_0180	25164128
test_0181	31737184
test_0182	21911342
test_0183	26878754
test_0184	26878754
test_0185	26878754
test_0186	37485148
test_0187	32647010
test_0188	26878754
test_0189	26803860
test_0190	26803860
test_0191	26878754
test_0192	27112940
test_0193	20066006
test_0194	28701784
test_0195	25327294
test_0196	25737404
test_0197	19496350
test_0198	33151422
test_0199	32647010
test_0200	28495284
test_0201	35885196
test_0202	32647010
test_0203	23678760
test_0204	26878754
test_0205	21911342
test_0206	21911342
test_0207	23678760
test_0208	27112940
test_0209	34463464
test_0210	26878754
test_0211	30306246
test_0212	20066006
test_0213	21267684
test_0214	18432964
test_0215	18432964
test_0216	18432964
test_0217	18432964
test_0218	18432964
test_0219	18432964
test_0220	18432964
test_0221	18432964
test_0222	23173548
test_0223	23561420
test_0224	27112940
test_0225	28701784
test_0226	27112940
test_0227	29459580
test_0228	32030738
test_0229	26878754
test_0230	23507162
test_0231	32647010
test_0232	26903494
test_0233	25737404
test_0234	26040238
test_0235	26878754
test_0236	26903494
test_0237	26878754
test_0238	30602322
test_0239	30878584
test_0240	28987098
test_0241	25279954
test_0242	28987098
test_0243	28987098
test_0244	28987098
test_0245	30154946
test_0246	28987098
test_0247	28987098
test_0248	28987098
test_0249	30215792
test_0250	30215792
test_0251	30154946
test_0252	30215792
test_0253	30215792
test_0254	31421128
test_0255	31421128
test_0256	31421128
test_0257	31421128
test_0258	31421128
test_0259	31513390
test_0260	32647010
test_0261	34463464
test_0262	32647010
test_0263	32647010
test_0264	24512642
test_0265	27270544
test_0266	26878754
test_0267	26878754
test_0268	25848590
test_0269	28673226
test_0270	28673226
test_0271	28702768
test_0272	26878754
test_0273	26878754
test_0274	26878754
test_0275	28702768
test_0276	26878754
test_0277	24709450
test_0278	26803860
test_0279	37450060
test_0280	28987098
test_0281	21985316
test_0282	21985316
test_0283	30213700
test_0284	28673226
test_0285	32647010
test_0286	26878754
test_0287	28923152
test_0288	28987098
test_0289	28987098
test_0290	32647010
test_0291	32647010
test_0292	32618698
test_0293	31802486
test_0294	23678760
test_0295	32647010
test_0296	31513390
test_0297	30713868
test_0298	34463464
test_0299	35822828
test_0300	37450060
test_0301	36097548
test_0302	35431956
test_0303	18182954
test_0304	37485148
test_0305	32647010
test_0306	32647010
test_0307	27112940
test_0308	23342442
test_0309	19588164
test_0310	26040238
test_0311	25279954
test_0312	20066006
test_0313	20066006
test_0314	20066006
test_0315	24957130
test_0316	25737404
test_0317	24957130
test_0318	25402046
test_0319	28987098
test_0320	30602322
test_0321	30602322
test_0322	28987098
test_0323	34498504
test_0324	20066006
test_0325	19496350
test_0326	27544414
test_0327	27970620
test_0328	30620914
test_0329	21911342
test_0330	23542582
test_0331	28815728
test_0332	24512642
test_0333	52435912
test_0334	32647010
test_0335	30602322
test_0336	30659588
test_0337	28702768
test_0338	26878754
test_0339	35923688
test_0340	21985316
test_0341	21985316
test_0342	21911342
test_0343	21985316
test_0344	16854850
test_0345	16854850
test_0346	16854850
test_0347	16854850
test_0348	16854850
test_0349	23507162
test_0350	20066006
test_0351	20066006
test_0352	24957130
test_0353	28702768
test_0354	33786396
test_0355	30602322
test_0356	18495574
test_0357	30659588
test_0358	32647010
test_0359	26878754
test_0360	26348134
test_0361	24957130
test_0362	24957130
test_0363	28673226
test_0364	28420394
test_0365	23678760
test_0366	31737184
test_0367	31737184
test_0368	31737184
test_0369	31737184
test_0370	31737184
test_0371	31737184
test_0372	31421128
test_0373	31421128
test_0374	31421128
test_0375	31421128
test_0376	32143290
test_0377	32030738
test_0378	30916614
test_0379	28673226
test_0380	21985316
test_0381	20066006
test_0382	20066006
test_0383	21267684
test_0384	21267684
test_0385	23417416
test_0386	23417416
test_0387	19573814
test_0388	21911342
test_0389	21911342
test_0390	21432032
test_0391	24957130
test_0392	26636112
test_0393	26084004
test_0394	26636112
test_0395	26636112
test_0396	26084004
test_0397	26903494
test_0398	27112940
test_0399	26878754
test_0400	20066006
test_0401	21985316
test_0402	21985316
test_0403	31421128
test_0404	24957130
test_0405	24957130
test_0406	32647010
test_0407	32647010
test_0408	28923152
test_0409	25737404
test_0410	24957130
test_0411	25402046
test_0412	25402046
test_0413	25402046
test_0414	25402046
test_0415	25402046
test_0416	25279954
test_0417	26878754
test_0418	26878754
test_0419	26878754
test_0420	26878754
test_0421	28987098
test_0422	26878754
test_0423	24957130
test_0424	21985316
test_0425	21985316
test_0426	28923152
test_0427	30602322
test_0428	28987098
test_0429	18160472
test_0430	16854850
test_0431	17374156
test_0432	23118110
test_0433	23678760
test_0434	23417416
test_0435	26803860
test_0436	25327294
test_0437	24512642
test_0438	24957130
test_0439	24512642
test_0440	32647010
test_0441	33232330
test_0442	36380760
test_0443	33232330
test_0444	32647010
test_0445	32647010
test_0446	32647010
test_0447	32647010
test_0448	38630548
test_0449	28702768
test_0450	28987098
test_0451	25279954
test_0452	25737404
test_0453	25737404
test_0454	26878754
test_0455	31039528
test_0456	30659588
test_0457	32647010
test_0458	32647010
test_0459	30659588
test_0460	31039528
test_0461	31513390
test_0462	27970620
test_0463	27970620
test_0464	28702768
test_0465	29485286
test_0466	19496350
test_0467	19496350
test_0468	32647010
test_0469	30602322
test_0470	32647010
test_0471	32618698
test_0472	31038912
test_0473	32618698
test_0474	32647010
test_0475	30602322
test_0476	19529190
test_0477	19496350
test_0478	19496350
test_0479	19496350
test_0480	21911342
test_0481	32647010
test_0482	24957130
test_0483	24957130
test_0484	24957130
test_0485	24957130
test_0486	28702768
test_0487	28987098
test_0488	28702768
test_0489	28702768
test_0490	32647010
test_0491	21985316
test_0492	20066006
test_0493	23678760
test_0494	18495574
test_0495	20434682
test_0496	30215792
test_0497	30620914
test_0498	30154946
test_0499	31039528
test_0500	30154946
test_0501	30215792
test_0502	30215792
test_0503	31039528
test_0504	31039528
test_0505	30215792
test_0506	31039528
test_0507	31039528
test_0508	26803860
test_0509	31421128
test_0510	30659588
test_0511	23173548
test_0512	23561420
test_0513	30602322
test_0514	29704716
test_0515	30602322
test_0516	30602322
test_0517	30602322
test_0518	28987098
test_0519	28987098
test_0520	32030738
test_0521	27270544
test_0522	26878754
test_0523	28987098
test_0524	25279954
test_0525	23173548
test_0526	21911342
test_0527	23678760
test_0528	25402046
test_0529	24957130
test_0530	28702768
test_0531	28702768
test_0532	30602322
test_0533	30602322
test_0534	32647010
test_0535	25164128
test_0536	25164128
test_0537	32679574
test_0538	32618698
test_0539	30916614
test_0540	32647010
test_0541	32030738
test_0542	32030738
test_0543	32030738
test_0544	32647010
test_0545	31802486
test_0546	31421128
test_0547	28923152
test_0548	29458776
test_0549	25327294
test_0550	30878584
test_0551	30878584
test_0552	31421128
test_0553	30602322
test_0554	30154946
test_0555	28923152
test_0556	31421128
test_0557	21468814
test_0558	21985316
test_0559	20066006
test_0560	24957130
test_0561	21911342
test_0562	30602322
test_0563	31421128
test_0564	32647010
test_0565	30659588
test_0566	31421128
test_0567	32647010
test_0568	30927054
test_0569	21985316
test_0570	26803860
test_0571	26878754
test_0572	26878754
test_0573	23507162
test_0574	23880682
test_0575	32143290
test_0576	26903494
test_0577	30602322
test_0578	32588928
test_0579	30659588
test_0580	30659588
test_0581	21471794
test_0582	21911342
test_0583	19496350
test_0584	21911342
test_0585	26878754
test_0586	23542582
test_0587	37485148
test_0588	20066006
test_0589	28701784
test_0590	20434682
test_0591	19496350
test_0592	35822828
test_0593	35652512
test_0594	31513390
test_0595	30659588
test_0596	28702768
test_0597	28702768
test_0598	26878754
test_0599	26878754
test_0600	26878754
test_0601	23678760
test_0602	23678760
test_0603	25402046
test_0604	25402046
test_0605	25402046
test_0606	26040238
test_0607	31039528
test_0608	34683132
test_0609	36939148
test_0610	27112940
test_0611	27112662
test_0612	32647010
test_0613	32647010
test_0614	32647010
test_0615	32647010
test_0616	32647010
test_0617	32647010
test_0618	28673226
test_0619	27112940
test_0620	24957130
test_0621	24512642
test_0622	19529190
test_0623	19573814
test_0624	19529190
test_0625	19529190
test_0626	19529190
test_0627	19496350
test_0628	19529190
test_0629	19573814
test_0630	24957130
test_0631	23561420
test_0632	23678760
test_0633	23531096
test_0634	23542582
test_0635	23561420
test_0636	28348720
test_0637	28987098
test_0638	32815048
test_0639	28987098
test_0640	28987098
test_0641	28987098
test_0642	23561420
test_0643	28673226
test_0644	28879690
test_0645	30215792
test_0646	21267684
test_0647	28987098
test_0648	23678760
test_0649	32647010
test_0650	26878754
test_0651	31163258
test_0652	28987098
test_0653	28987098
test_0654	32647010
test_0655	32647010
test_0656	30620914
test_0657	32618698
test_0658	32647010
test_0659	30620914
test_0660	19496350
test_0661	26903494
test_0662	30602322
test_0663	30602322
test_0664	36144284
test_0665	37283440
test_0666	37283440
test_0667	36508896
test_0668	26878754
test_0669	30602322
test_0670	32647010
test_0671	32647010
test_0672	29811284
test_0673	26878754
test_0674	29704716
test_0675	32647010
test_0676	24957130
test_0677	25327294
test_0678	24512642
test_0679	24512642
test_0680	21267684
test_0681	23417416
test_0682	21985316
test_0683	21985316
test_0684	27112940
test_0685	21911342
test_0686	21911342
test_0687	18500568
test_0688	18500568
test_0689	26803860
test_0690	20066006
test_0691	20066006
test_0692	23678760
test_0693	25737404
test_0694	23880682
test_0695	25402046
test_0696	23417416
test_0697	26636112
test_0698	23417416
test_0699	26803860
test_0700	26040238
test_0701	26040238
test_0702	26878754
test_0703	26878754
test_0704	26878754
test_0705	21985316
test_0706	21911342
test_0707	31513390
test_0708	26878754
test_0709	30927054
test_0710	28987098
test_0711	24957130
test_0712	23678760
test_0713	21267684
test_0714	21267684
test_0715	21267684
test_0716	28248354
test_0717	31737184
test_0718	31421128
test_0719	32647010
test_0720	26878754
test_0721	32647010
test_0722	32618698
test_0723	26878754
test_0724	26878754
test_0725	23678760
test_0726	29133022
test_0727	27970620
test_0728	27970620
test_0729	28987098
test_0730	28987098
test_0731	28987098
test_0732	33232330
test_0733	26903494
test_0734	24709450
test_0735	25737404
test_0736	22246186
test_0737	28629186
test_0738	21985316
test_0739	24957130
test_0740	26803860
test_0741	26878754
test_0742	25327294
test_0743	26392056
test_0744	27112940
test_0745	30659588
test_0746	24957130
test_0747	27112940
test_0748	27112940
test_0749	27112940
test_0750	27112940
test_0751	27112940
test_0752	26878754
test_0753	27112940
test_0754	27112940
test_0755	27112940
test_0756	19496350
test_0757	26878754
test_0758	30602322
test_0759	28987098
test_0760	29485286
test_0761	30602322
test_0762	31680200
test_0763	21985316
test_0764	21267684
test_0765	25888282
test_0766	19573814
test_0767	19496350
test_0768	19496350
test_0769	19496350
test_0770	19496350
test_0771	25402046
test_0772	28923152
test_0773	21911342
test_0774	23531096
test_0775	29704716
test_0776	28923152
test_0777	30602322
test_0778	28923152
test_0779	28923152
test_0780	30602322
test_0781	26878754
test_0782	32647010
test_0783	32647010
test_0784	35723076
test_0785	21985316
test_0786	25402046
test_0787	32030738
test_0788	24512642
test_0789	24957130
test_0790	25279954
test_0791	25402046
test_0792	23542582
test_0793	25279954
test_0794	18500568
test_0795	23342442
test_0796	18500568
test_0797	18432964
test_0798	25327294
test_0799	25327294
test_0800	29485286
test_0801	29485286
test_0802	26878754
test_0803	26878754
test_0804	23417416
test_0805	23417416
test_0806	23417416
test_0807	28987098
test_0808	23678760
test_0809	23417416
test_0810	25888282
test_0811	26878754
test_0812	25279954
test_0813	26084004
test_0814	24957130
test_0815	24709450
test_0816	24709450
test_0817	24957130
test_0818	25279954
test_0819	25279954
test_0820	25279954
test_0821	24709450
test_0822	24709450
test_0823	25279954
test_0824	24709450
test_0825	25402046
test_0826	26803860
test_0827	20066006
test_0828	20066006
test_0829	20066006
test_0830	20066006
test_0831	20066006
test_0832	28987098
test_0833	30713868
test_0834	31513390
test_0835	23118110
test_0836	18500568
test_0837	24464174
test_0838	26878754
test_0839	24512642
test_0840	28702768
test_0841	25555990
test_0842	25555990
test_0843	23678760
test_0844	30620914
test_0845	24957130
test_0846	31737184
test_0847	30713868
test_0848	31737184
test_0849	31737184
test_0850	31737184
test_0851	30659588
test_0852	30659588
test_0853	19496350
test_0854	28987098
test_0855	30620914
test_0856	28701784
test_0857	27270544
test_0858	19573814
test_0859	21911342
test_0860	21911342
test_0861	26878754
test_0862	27112662
test_0863	30602322
test_0864	23118110
test_0865	21267684
test_0866	28987098
test_0867	30602322
test_0868	30602322
test_0869	30602322
test_0870	30602322
test_0871	25164128
test_0872	25164128
test_0873	25164128
test_0874	30602322
test_0875	24512642
test_0876	26803860
test_0877	26803860
test_0878	18432964
test_0879	26803860
test_0880	31737184
test_0881	31737184
test_0882	31737184
test_0883	31737184
test_0884	31421128
test_0885	24957130
test_0886	21985316
test_0887	20066006
test_0888	23676856
test_0889	26878754
test_0890	26878754
test_0891	28673226
test_0892	26878754
test_0893	40520956
test_0894	31314808
test_0895	36380760
test_0896	20066006
test_0897	20066006
test_0898	25402046
test_0899	21911342
test_0900	24957130
test_0901	26878754
test_0902	26803860
test_0903	28702768
test_0904	26040238
test_0905	25402046
test_0906	26903494
test_0907	26878754
test_0908	25279954
test_0909	26878754
test_0910	25737404
test_0911	26878754
test_0912	26878754
test_0913	26803860
test_0914	24957130
test_0915	26878754
test_0916	26878754
test_0917	25057714
test_0918	24512642
test_0919	27112940
test_0920	24512642
test_0921	24512642
test_0922	30659588
test_0923	37858864
test_0924	30916614
test_0925	27970620
test_0926	27258974
test_0927	27258974
test_0928	28987098
test_0929	21911342
test_0930	19496350
test_0931	21985316
test_0932	21267684
test_0933	29873918
test_0934	30602322
test_0935	28248354
test_0936	25935910
test_0937	25935910
test_0938	24512642
test_0939	24512642
test_0940	26878754
test_0941	28495284
test_0942	30602322
test_0943	30213700
test_0944	28791994
test_0945	26803860
test_0946	35249036
test_0947	34463464
test_0948	27112662
test_0949	20066006
test_0950	36911608
test_0951	21911342
test_0952	36380760
test_0953	30957866
test_0954	20066006
test_0955	23561420
test_0956	24512642
test_0957	24709450
test_0958	31421128
test_0959	16415718
test_0960	26878754
test_0961	26878754
test_0962	28701784
test_0963	26878754
test_0964	20066006
test_0965	26878754
test_0966	25279954
test_0967	32030738
test_0968	32030738
test_0969	32030738
test_0970	22331312
test_0971	21911342
test_0972	26878754
test_0973	25402046
test_0974	30240406
test_0975	25888282
test_0976	29898604
test_0977	30154946
test_0978	23678760
test_0979	31421128
test_0980	28923152
test_0981	28923152
test_0982	31737184
test_0983	34683132
test_0984	32588928
test_0985	30602322
test_0986	30878584
test_0987	30659588
test_0988	30659588
test_0989	30154946
test_0990	31513390
test_0991	36508896
test_0992	31513390
test_0993	31513390
test_0994	31513390
test_0995	36508896
test_0996	28348720
test_0997	36699712
test_0998	21774116
test_0999	21774116
test_1000	21774116
test_1001	23678760
test_1002	21774116
test_1003	23118110
test_1004	25402046
test_1005	28923152
test_1006	24512642
test_1007	24512642
test_1008	30602322
test_1009	30659588
test_1010	30659588
test_1011	30659588
test_1012	31513390
test_1013	31513390
test_1014	31513390
test_1015	30659588
test_1016	23542582
test_1017	23542582
test_1018	23542582
test_1019	21987400
test_1020	21053890
test_1021	21911342
test_1022	21911342
test_1023	21911342
test_1024	30602322
test_1025	25279954
test_1026	24709450
test_1027	25279954
test_1028	26878754
test_1029	31421128
test_1030	28629186
test_1031	28629186
test_1032	25402046
test_1033	23507162
test_1034	23118110
test_1035	21985316
test_1036	23561420
test_1037	26903494
test_1038	27258974
test_1039	26040238
test_1040	26040238
test_1041	26040238
test_1042	26040238
test_1043	26040238
test_1044	32647010
test_1045	32647010
test_1046	32647010
test_1047	32647010
test_1048	32647010
test_1049	26878754
test_1050	25402046
test_1051	25402046
test_1052	25402046
test_1053	26803860
test_1054	26903494
test_1055	25402046
test_1056	25402046
test_1057	25402046
test_1058	25402046
test_1059	25402046
test_1060	26903494
test_1061	26903494
test_1062	25402046
test_1063	25402046
test_1064	25402046
test_1065	25402046
test_1066	25402046
test_1067	30713868
test_1068	31513390
test_1069	18495574
test_1070	35431956
test_1071	36508896
test_1072	38674548
test_1073	31737184
test_1074	30659588
test_1075	25279954
test_1076	28673226
test_1077	30225198
test_1078	30602322
test_1079	25737404
test_1080	26878754
test_1081	26878754
test_1082	26878754
test_1083	28987098
test_1084	27970620
test_1085	26878754
test_1086	26878754
test_1087	26878754
test_1088	31802486
test_1089	31802486
test_1090	30602322
test_1091	28987098
test_1092	28987098
test_1093	28987098
test_1094	30602322
test_1095	25327294
test_1096	23507162
test_1097	31965554
test_1098	28987098
test_1099	28987098
test_1100	28923152
test_1101	28987098
test_1102	30602322
test_1103	26878754
test_1104	25402046
test_1105	23173548
test_1106	29458776
test_1107	26878754
test_1108	28673226
test_1109	28987098
test_1110	27270544
test_1111	24512642
test_1112	32647010
test_1113	31737184
test_1114	30400296
test_1115	32030738
test_1116	32647010
test_1117	35365976
test_1118	26878754
test_1119	26878754
test_1120	28987098
test_1121	26878754
test_1122	26878754
test_1123	29458776
test_1124	28987098
test_1125	30602322
test_1126	30602322
test_1127	31802486
test_1128	32030738
test_1129	32647010
test_1130	32647010
test_1131	28987098
test_1132	38094372
test_1133	20066006
test_1134	21985316
test_1135	32647010
test_1136	32030738
test_1137	32647010
test_1138	24957130
test_1139	24957130
test_1140	24251226
test_1141	24251226
test_1142	28987098
test_1143	26040238
test_1144	25737404
test_1145	21267684
test_1146	26878754
test_1147	26878754
test_1148	26903494
test_1149	37485148
test_1150	26878754
test_1151	25402046
test_1152	25402046
test_1153	26878754
test_1154	23561420
test_1155	26878754
test_1156	32647010
test_1157	35049088
test_1158	32577004
test_1159	41948600
test_1160	36194156
test_1161	25555990
test_1162	24957130
test_1163	36508896
test_1164	28923152
test_1165	32647010
test_1166	21911342
test_1167	36380760
test_1168	32647010
test_1169	32647010
test_1170	32647010
test_1171	32647010
test_1172	35822828
test_1173	32647010
test_1174	32647010
test_1175	32647010
test_1176	32647010
test_1177	32647010
test_1178	32647010
test_1179	32647010
test_1180	32647010
test_1181	32647010
test_1182	32647010
test_1183	32647010
test_1184	38593340
test_1185	32647010
test_1186	32647010
test_1187	32577004
test_1188	43142892
test_1189	32647010
test_1190	32647010
test_1191	32647010
test_1192	22246186
test_1193	29458776
test_1194	28987098
test_1195	24957130
test_1196	24957130
test_1197	30602322
test_1198	31737184
test_1199	31737184
test_1200	32647010
test_1201	30659588
test_1202	26878754
test_1203	26878754
test_1204	36508336
test_1205	32647010
test_1206	29485286
test_1207	27112940
test_1208	27112940
test_1209	27112940
test_1210	29485286
test_1211	29485286
test_1212	30215792
test_1213	21267684
test_1214	21911342
test_1215	20066006
test_1216	20066006
test_1217	27112940
test_1218	24957130
test_1219	24957130
test_1220	24957130
test_1221	24957130
test_1222	24957130
test_1223	26803860
test_1224	27270544
test_1225	21985316
test_1226	28987098
test_1227	21911342
test_1228	36380760
test_1229	38674548
test_1230	35885196
test_1231	37858864
test_1232	37858864
test_1233	25737404
test_1234	25737404
test_1235	26803860
test_1236	23118110
test_1237	30154946
test_1238	28987098
test_1239	28348720
test_1240	31039528
test_1241	29009240
test_1242	21985316
test_1243	21985316
test_1244	21985316
test_1245	21985316
test_1246	26903494
test_1247	21985316
test_1248	21985316
test_1249	28987098
test_1250	30602322
test_1251	29485286
test_1252	30602322
test_1253	31737184
test_1254	27970620
test_1255	27970620
test_1256	29458776
test_1257	29458776
test_1258	24512642
test_1259	25402046
test_1260	25402046
test_1261	24957130
test_1262	25402046
test_1263	24512642
test_1264	24512642
test_1265	25737404
test_1266	35652512
test_1267	31421128
test_1268	23531096
test_1269	23676856
test_1270	33859740
test_1271	32647010
test_1272	32030738
test_1273	25737404
test_1274	28495284
test_1275	30713868
test_1276	24957130
test_1277	24957130
test_1278	24512642
test_1279	24512642
test_1280	31421128
test_1281	28923152
test_1282	29009240
test_1283	26878754
test_1284	32030738
test_1285	35793404
test_1286	35822828
test_1287	37485148
test_1288	37485148
test_1289	37858864
test_1290	21911342
test_1291	27112940
test_1292	27270544
test_1293	27112940
test_1294	19573814
test_1295	27112940
test_1296	28987098
test_1297	26878754
test_1298	27112940
test_1299	28673226
test_1300	26878754
test_1301	23399948
test_1302	28673226
test_1303	26348134
test_1304	21911342
test_1305	21911342
test_1306	20066006
test_1307	19884896
test_1308	22331312
test_1309	23342442
test_1310	23542582
test_1311	23342442
test_1312	23118110
test_1313	25737404
test_1314	37485148
test_1315	35822828
test_1316	37485148
test_1317	31314808
test_1318	27258974
test_1319	21911342
test_1320	21985316
test_1321	29458776
test_1322	21267684
test_1323	21267684
test_1324	25279954
test_1325	25279954
test_1326	30878584
test_1327	28987098
test_1328	28987098
test_1329	28987098
test_1330	17664040
test_1331	16781208
test_1332	16781208
test_1333	16226466
test_1334	16781208
test_1335	16781208
test_1336	16781208
test_1337	16226466
test_1338	27112940
test_1339	23173548
test_1340	28987098
test_1341	41948600
test_1342	41948600
test_1343	41948600
test_1344	37450060
test_1345	30602322
test_1346	28987098
test_1347	28987098
test_1348	27112940
test_1349	24957130
test_1350	24957130
test_1351	23118110
test_1352	21911342
test_1353	28673226
test_1354	28348720
test_1355	27112940
test_1356	27112940
test_1357	29485286
test_1358	27112940
test_1359	27112940
test_1360	26878754
test_1361	27112940
test_1362	27112940
test_1363	28225598
test_1364	27270544
test_1365	27112662
test_1366	27270544
test_1367	27112662
test_1368	27112662
test_1369	27112662
test_1370	23880682
test_1371	23678760
test_1372	23417416
test_1373	24957130
test_1374	29485286
test_1375	29133484
test_1376	32261006
test_1377	32030738
test_1378	32030738
test_1379	32030738
test_1380	32030738
test_1381	33756284
test_1382	33756284
test_1383	33756284
test_1384	32647010
test_1385	21267684
test_1386	21267684
test_1387	30215792
test_1388	28348720
test_1389	30213700
test_1390	26878754
test_1391	28987098
test_1392	31513390
test_1393	25737404
test_1394	25327294
test_1395	26878754
test_1396	26878754
test_1397	30213700
test_1398	35049088
test_1399	31163258
test_1400	32647010
test_1401	32647010
test_1402	28987098
test_1403	31513390
test_1404	37522304
test_1405	40223320
test_1406	40685660
test_1407	25279954
test_1408	24957130
test_1409	23678760
test_1410	30659588
test_1411	30659588
test_1412	32647010
test_1413	27112940
test_1414	37450060
test_1415	36380760
test_1416	38630548
test_1417	38630548
test_1418	24512642
test_1419	24512642
test_1420	33151422
test_1421	26903494
test_1422	23678760
test_1423	23678760
test_1424	24957130
test_1425	23561420
test_1426	27970620
test_1427	28987098
test_1428	28248354
test_1429	22246186
test_1430	21911342
test_1431	28701784
test_1432	23531096
test_1433	24512642
test_1434	32647010
test_1435	26878754
test_1436	24512642
test_1437	24512642
test_1438	32647010
test_1439	32647010
test_1440	37283440
test_1441	32030738
test_1442	32647010
test_1443	27112940
test_1444	27112940
test_1445	28248354
test_1446	21267684
test_1447	19496350
test_1448	19529190
test_1449	32647010
test_1450	28420394
test_1451	28420394
test_1452	28420394
test_1453	28248354
test_1454	26878754
test_1455	23678760
test_1456	25279954
test_1457	26878754
test_1458	20066006
test_1459	20066006
test_1460	20066006
test_1461	25279954
test_1462	23678760
test_1463	24709450
test_1464	23678760
test_1465	24709450
test_1466	25402046
test_1467	26878754
test_1468	26878754
test_1469	21267684
test_1470	21987400
test_1471	35885196
test_1472	25737404
test_1473	27258974
test_1474	23678760
test_1475	30878584
test_1476	32577004
test_1477	25057714
test_1478	33151422
test_1479	29458776
test_1480	24512642
test_1481	24512642
test_1482	23173548
test_1483	24512642
test_1484	24957130
test_1485	20434682
test_1486	18500568
test_1487	18432964
test_1488	26803860
test_1489	25737404
test_1490	30602322
test_1491	23417416
test_1492	23507162
test_1493	26878754
test_1494	23678760
test_1495	24957130
test_1496	21267684
test_1497	21267684
test_1498	21267684
test_1499	21267684
test_1500	21267684
test_1501	23542582
test_1502	32647010
test_1503	25737404
test_1504	25737404
test_1505	27270544
test_1506	24512642
test_1507	25737404
test_1508	26803860
test_1509	30602322
test_1510	30154946
test_1511	26878754
test_1512	19667692
test_1513	20066006
test_1514	26878754
test_1515	24957130
test_1516	37485148
test_1517	32647010
test_1518	32618698
test_1519	28987098
test_1520	28987098
test_1521	28987098
test_1522	32647010
test_1523	33786396
test_1524	36380760
test_1525	21267684
test_1526	20066006
test_1527	19148194
test_1528	28348720
test_1529	32030738
test_1530	37858864
test_1531	34498504
test_1532	32030738
test_1533	32030738
test_1534	28701784
test_1535	28495284
test_1536	28495284
test_1537	28701784
test_1538	28815728
test_1539	29485286
test_1540	26878754
test_1541	37450060
test_1542	28702768
test_1543	21911342
test_1544	20066006
test_1545	32647010
test_1546	32647010
test_1547	32647010
test_1548	32647010
test_1549	34639484
test_1550	21267684
test_1551	20066006
test_1552	20066006
test_1553	20066006
test_1554	20066006
test_1555	20066006
test_1556	20066006
test_1557	30713868
test_1558	27970620
test_1559	30713868
test_1560	27970620
test_1561	26878754
test_1562	26878754
test_1563	25164128
test_1564	26878754
test_1565	26878754
test_1566	26878754
test_1567	26878754
test_1568	25164128
test_1569	25164128
test_1570	26878754
test_1571	26878754
test_1572	26878754
test_1573	26878754
test_1574	26878754
test_1575	26878754
test_1576	21774116
test_1577	18500568
test_1578	18500568
test_1579	23678760
test_1580	32647010
test_1581	32647010
test_1582	30878584
test_1583	18495574
test_1584	30713868
test_1585	23417416
test_1586	26803860
test_1587	29811284
test_1588	31737184
test_1589	31038912
test_1590	19496350
test_1591	25402046
test_1592	25327294
test_1593	23531096
test_1594	25935910
test_1595	25402046
test_1596	24512642
test_1597	25935910
test_1598	24512642
test_1599	26878754
test_1600	28673226
test_1601	32647010
test_1602	28987098
test_1603	28987098
test_1604	28702768
test_1605	28987098
test_1606	30602322
test_1607	31421128
test_1608	30927054
test_1609	23118110
test_1610	23342442
test_1611	24957130
test_1612	24957130
test_1613	24957130
test_1614	24957130
test_1615	24957130
test_1616	26803860
test_1617	32618698
test_1618	26878754
test_1619	30602322
test_1620	30602322
test_1621	26878754
test_1622	21468814
test_1623	20066006
test_1624	40223320
test_1625	31737184
test_1626	23542582
test_1627	36508896
test_1628	23678760
test_1629	23118110
test_1630	32647010
test_1631	32647010
test_1632	31421128
test_1633	31421128
test_1634	31421128
test_1635	30916614
test_1636	31421128
test_1637	32647010
test_1638	31421128
test_1639	32647010
test_1640	23531096
test_1641	32577004
test_1642	32577004
test_1643	26903494
test_1644	26040238
test_1645	31421128
test_1646	30602322
test_1647	30213700
test_1648	31038912
test_1649	30620914
test_1650	28987098
test_1651	36380760
test_1652	35822828
test_1653	23118110
test_1654	23118110
test_1655	23118110
test_1656	23118110
test_1657	26878754
test_1658	30602322
test_1659	26878754
test_1660	30602322
test_1661	22331312
test_1662	19496350
test_1663	28923152
test_1664	32618698
test_1665	32618698
test_1666	36097548
test_1667	28248354
test_1668	28248354
test_1669	24512642
test_1670	21911342
test_1671	24512642
test_1672	27112940
test_1673	18500568
test_1674	28987098
test_1675	26878754
test_1676	26878754
test_1677	26878754
test_1678	26878754
test_1679	26878754
test_1680	23417416
test_1681	23417416
test_1682	23417416
test_1683	28923152
test_1684	30659588
test_1685	30659588
test_1686	28673226
test_1687	28987098
test_1688	28673226
test_1689	28987098
test_1690	28987098
test_1691	31737184
test_1692	30927054
test_1693	28987098
test_1694	28987098
test_1695	28987098
test_1696	32647010
test_1697	26803860
test_1698	26803860
test_1699	25402046
test_1700	24957130
test_1701	21985316
test_1702	21267684
test_1703	21267684
test_1704	28673226
test_1705	32647010
test_1706	30713868
test_1707	30602322
test_1708	30602322
test_1709	31362800
test_1710	31163258
test_1711	32647010
test_1712	28673226
test_1713	28673226
test_1714	28673226
test_1715	28987098
test_1716	28248354
test_1717	28673226
test_1718	28673226
test_1719	28987098
test_1720	28673226
test_1721	28987098
test_1722	29485286
test_1723	29873918
test_1724	28673226
test_1725	28987098
test_1726	28673226
test_1727	28673226
test_1728	28987098
test_1729	28673226
test_1730	28673226
test_1731	28987098
test_1732	28673226
test_1733	28702768
test_1734	32618698
test_1735	38770480
test_1736	36508896
test_1737	25402046
test_1738	25737404
test_1739	28673226
test_1740	28248354
test_1741	28987098
test_1742	18495574
test_1743	25737404
test_1744	30154946
test_1745	30154946
test_1746	21985316
test_1747	21911342
test_1748	28987098
test_1749	27970620
test_1750	28923152
test_1751	30602322
test_1752	30602322
test_1753	24512642
test_1754	24512642
test_1755	24512642
test_1756	24512642
test_1757	27112940
test_1758	21774116
test_1759	21774116
test_1760	23342442
test_1761	21774116
test_1762	23342442
test_1763	23342442
test_1764	23342442
test_1765	24512642
test_1766	23118110
test_1767	24512642
test_1768	26903494
test_1769	28248354
test_1770	29458776
test_1771	26878754
test_1772	25848590
test_1773	26878754
test_1774	24512642
test_1775	24512642
test_1776	26878754
test_1777	28987098
test_1778	28987098
test_1779	23417416
test_1780	25402046
test_1781	32647010
test_1782	32647010
test_1783	32647010
test_1784	32647010
test_1785	18500568
test_1786	18500568
test_1787	30225198
test_1788	30957866
test_1789	21911342
test_1790	23678760
test_1791	23678760
test_1792	21985316
test_1793	20066006
test_1794	30400296
test_1795	31737184
test_1796	30602322
test_1797	30602322
test_1798	30602322
test_1799	30400296
test_1800	30602322
test_1801	21911342
test_1802	21911342
test_1803	23678760
test_1804	21911342
test_1805	23118110
test_1806	20066006
test_1807	23417416
test_1808	23118110
test_1809	23417416
test_1810	23417416
test_1811	23417416
test_1812	23417416
test_1813	25555990
test_1814	21987400
test_1815	19496350
test_1816	22331312
test_1817	21911342
test_1818	19496350
test_1819	19496350
test_1820	21911342
test_1821	19496350
test_1822	21911342
test_1823	28181706
test_1824	30602322
test_1825	30602322
test_1826	30602322
test_1827	30602322
test_1828	30602322
test_1829	24512642
test_1830	24512642
test_1831	23678760
test_1832	24512642
test_1833	30927054
test_1834	26878754
test_1835	25402046
test_1836	25266240
test_1837	26636112
test_1838	25737404
test_1839	25266240
test_1840	25327294
test_1841	25057714
test_1842	26636112
test_1843	26636112
test_1844	26636112
test_1845	26878754
test_1846	37858864
test_1847	23417416
test_1848	23417416
test_1849	23678760
test_1850	35822828
test_1851	24512642
test_1852	30602322
test_1853	25279954
test_1854	25301426
test_1855	28987098
test_1856	21267684
test_1857	27112940
test_1858	28673226
test_1859	28673226
test_1860	28987098
test_1861	28673226
test_1862	27112940
test_1863	26878754
test_1864	24512642
test_1865	24512642
test_1866	26878754
test_1867	26878754
test_1868	24957130
test_1869	21774116
test_1870	23342442
test_1871	21911342
test_1872	21911342
test_1873	21911342
test_1874	19496350
test_1875	26878754
test_1876	23678760
test_1877	26878754
test_1878	20066006
test_1879	24957130
test_1880	23118110
test_1881	22246186
test_1882	18495574
test_1883	24957130
test_1884	24957130
test_1885	31421128
test_1886	32588928
test_1887	26878754
test_1888	31737184
test_1889	28987098
test_1890	36194156
test_1891	36194156
test_1892	32647010
test_1893	21267684
test_1894	24512642
test_1895	21987400
test_1896	23417416
test_1897	26803860
test_1898	21267684
test_1899	25737404
test_1900	26878754
test_1901	25737404
test_1902	26878754
test_1903	24512642
test_1904	26878754
test_1905	25888282
test_1906	25279954
test_1907	25848590
test_1908	27112940
test_1909	25737404
test_1910	23678760
test_1911	26040238
test_1912	28987098
test_1913	37522304
test_1914	28987098
test_1915	30713868
test_1916	28987098
test_1917	35431956
test_1918	35431956
test_1919	35431956
test_1920	35431956
test_1921	28987098
test_1922	28987098
test_1923	28348720
test_1924	21987400
test_1925	21987400
test_1926	26803860
test_1927	24957130
test_1928	24957130
test_1929	24957130
test_1930	24957130
test_1931	24957130
test_1932	24957130
test_1933	32647010
test_1934	30620914
test_1935	29336598
test_1936	30602322
test_1937	25402046
test_1938	25402046
test_1939	25402046
test_1940	25402046
test_1941	25402046
test_1942	25402046
test_1943	25402046
test_1944	25402046
test_1945	25402046
test_1946	25402046
test_1947	25327294
test_1948	36144284
test_1949	36508896
test_1950	35822828
test_1951	35822828
test_1952	24512642
test_1953	24512642
test_1954	32618698
test_1955	25402046
test_1956	24512642
test_1957	18495574
test_1958	32647010
test_1959	34639484
test_1960	30659588
test_1961	30620914
test_1962	36144284
test_1963	32030738
test_1964	19529190
test_1965	19148194
test_1966	19529190
test_1967	27258974
test_1968	26903494
test_1969	21911342
test_1970	32647010
test_1971	31421128
test_1972	25279954
test_1973	28702768
test_1974	28987098
test_1975	28701784
test_1976	30602322
test_1977	30659588
test_1978	35923688
test_1979	26803860
test_1980	32588928
test_1981	30659588
test_1982	21985316
test_1983	20066006
test_1984	21053890
test_1985	23678760
test_1986	23678760
test_1987	25279954
test_1988	25279954
test_1989	23678760
test_1990	23678760
test_1991	23678760
test_1992	23678760
test_1993	23678760
test_1994	23678760
test_1995	23678760
test_1996	23678760
test_1997	30602322
test_1998	30927054
test_1999	32647010
test_2000	31038912
test_2001	31038912
test_2002	31038912
test_2003	31421128
test_2004	20066006
test_2005	32030738
test_2006	35822828
test_2007	35822828
test_2008	31163258
test_2009	36097548
test_2010	32647010
test_2011	32647010
test_2012	32647010
test_2013	32647010
test_2014	27112940
test_2015	24512642
test_2016	25279954
test_2017	24512642
test_2018	26878754
test_2019	26878754
test_2020	25737404
test_2021	26878754
test_2022	25737404
test_2023	26040238
test_2024	31737184
test_2025	30916614
test_2026	32647010
test_2027	25279954
test_2028	30400296
test_2029	32647010
test_2030	30400296
test_2031	23880682
test_2032	23678760
test_2033	27112940
test_2034	25402046
test_2035	32030738
test_2036	21985316
test_2037	31908156
test_2038	30240406
test_2039	30602322
test_2040	30602322
test_2041	30602322
test_2042	32647010
test_2043	37858864
test_2044	32647010
test_2045	37858864
test_2046	32618698
test_2047	18182954
test_2048	16854850
test_2049	17374156
test_2050	18160472
test_2051	17374156
test_2052	17374156
test_2053	17374156
test_2054	16854850
test_2055	17374156
test_2056	27112940
test_2057	28987098
test_2058	28987098
test_2059	32647010
test_2060	30659588
test_2061	26878754
test_2062	28923152
test_2063	23531096
test_2064	25402046
test_2065	24957130
test_2066	28987098
test_2067	27970620
test_2068	27970620
test_2069	27970620
test_2070	28987098
test_2071	28181706
test_2072	25737404
test_2073	19573814
test_2074	25737404
test_2075	28673226
test_2076	25737404
test_2077	26903494
test_2078	26878754
test_2079	29133484
test_2080	26878754
test_2081	28923152
test_2082	24957130
test_2083	23678760
test_2084	23678760
test_2085	27112662
test_2086	31737184
test_2087	31737184
test_2088	31737184
test_2089	31737184
test_2090	31737184
test_2091	31737184
test_2092	31421128
test_2093	31421128
test_2094	31737184
test_2095	25279954
test_2096	25737404
test_2097	28987098
test_2098	36911608
test_2099	30659588
test_2100	30659588
test_2101	31039528
test_2102	30659588
test_2103	21267684
test_2104	21911342
test_2105	21911342
test_2106	28673226
test_2107	28673226
test_2108	24512642
test_2109	28987098
test_2110	36380760
test_2111	32647010
test_2112	41948600
test_2113	25402046
test_2114	28987098
test_2115	27270544
test_2116	26878754
test_2117	24512642
test_2118	24957130
test_2119	30878584
test_2120	25402046
test_2121	23678760
test_2122	30602322
test_2123	30602322
test_2124	31421128
test_2125	30602322
test_2126	26878754
test_2127	23531096
test_2128	23678760
test_2129	24957130
test_2130	27112940
test_2131	28673226
test_2132	24512642
test_2133	23417416
test_2134	23417416
test_2135	21985316
test_2136	21985316
test_2137	27112940
test_2138	24957130
test_2139	20066006
test_2140	30602322
test_2141	29873918
test_2142	18500568
test_2143	33786396
test_2144	33786396
test_2145	24957130
test_2146	21267684
test_2147	26040238
test_2148	30602322
test_2149	26903494
test_2150	25848590
test_2151	21911342
test_2152	33756284
test_2153	30602322
test_2154	30602322
test_2155	32588928
test_2156	28923152
test_2157	32647010
test_2158	35793404
test_2159	23678760
test_2160	28673226
test_2161	27112940
test_2162	25057714
test_2163	28987098
test_2164	25737404
test_2165	26878754
test_2166	25555990
test_2167	26878754
test_2168	26803860
test_2169	25737404
test_2170	32647010
test_2171	26878754
test_2172	35822828
test_2173	32647010
test_2174	28348720
test_2175	26878754
test_2176	27970620
test_2177	31421128
test_2178	30602322
test_2179	31421128
test_2180	31737184
test_2181	30602322
test_2182	31737184
test_2183	30602322
test_2184	31737184
test_2185	32647010
test_2186	30602322
test_2187	25737404
test_2188	25737404
test_2189	26878754
test_2190	23880682
test_2191	32030738
test_2192	32030738
test_2193	27112940
test_2194	27112940
test_2195	27112940
test_2196	27112940
test_2197	27112940
test_2198	24512642
test_2199	26903494
test_2200	25737404
test_2201	21911342
test_2202	21985316
test_2203	19573814
test_2204	21985316
test_2205	29485286
test_2206	32647010
test_2207	25279954
test_2208	23678760
test_2209	23417416
test_2210	28987098
test_2211	32647010
test_2212	32647010
test_2213	32647010
test_2214	23173548
test_2215	23173548
test_2216	21267684
test_2217	23399948
test_2218	20066006
test_2219	20066006
test_2220	20066006
test_2221	21911342
test_2222	20066006
test_2223	20066006
test_2224	20066006
test_2225	32647010
test_2226	32647010
test_2227	30602322
test_2228	24512642
test_2229	30659588
test_2230	32647010
test_2231	30602322
test_2232	28923152
test_2233	28987098
test_2234	32647010
test_2235	27112940
test_2236	26878754
test_2237	29485286
test_2238	29485286
test_2239	29485286
test_2240	32647010
test_2241	27270544
test_2242	28987098
test_2243	32588928
test_2244	32647010
test_2245	32647010
test_2246	25737404
test_2247	21911342
test_2248	24957130
test_2249	23678760
test_2250	28923152
test_2251	28987098
test_2252	23678760
test_2253	21911342
test_2254	21911342
test_2255	26878754
test_2256	23542582
test_2257	24957130
test_2258	28673226
test_2259	28987098
test_2260	26878754
test_2261	35793404
test_2262	23880682
test_2263	28987098
test_2264	23678760
test_2265	23678760
test_2266	26803860
test_2267	23417416
test_2268	32647010
test_2269	30602322
test_2270	30240406
test_2271	26878754
test_2272	26878754
test_2273	26636112
test_2274	26878754
test_2275	18097758
test_2276	18500568
test_2277	28987098
test_2278	28987098
test_2279	26878754
test_2280	30400296
test_2281	30602322
test_2282	32647010
test_2283	32647010
test_2284	36508896
test_2285	27258974
test_2286	25737404
test_2287	30659588
test_2288	30878584
test_2289	28923152
test_2290	21985316
test_2291	30602322
test_2292	24512642
test_2293	23417416
test_2294	31965554
test_2295	26803860
test_2296	20066006
test_2297	30602322
test_2298	30602322
test_2299	23417416
test_2300	30602322
test_2301	25928386
test_2302	24512642
test_2303	24512642
test_2304	32588928
test_2305	25737404
test_2306	28987098
test_2307	30602322
test_2308	30602322
test_2309	30602322
test_2310	28348720
test_2311	32588928
test_2312	32647010
test_2313	25105918
test_2314	27112940
test_2315	36911608
test_2316	28673226
test_2317	27112940
test_2318	30659588
test_2319	30659588
test_2320	28879690
test_2321	20066006
test_2322	24512642
test_2323	26878754
test_2324	26803860
test_2325	33786396
test_2326	26878754
test_2327	24512642
test_2328	24957130
test_2329	19588164
test_2330	28987098
test_2331	28987098
test_2332	28702768
test_2333	28987098
test_2334	29458776
test_2335	28987098
test_2336	31039528
test_2337	32647010
test_2338	28673226
test_2339	27970620
test_2340	28673226
test_2341	27112940
test_2342	28702768
test_2343	23417416
test_2344	23542582
test_2345	21267684
test_2346	22246186
test_2347	38630548
test_2348	32647010
test_2349	26348134
test_2350	23531096
test_2351	18432964
test_2352	20287172
test_2353	26878754
test_2354	27112940
test_2355	28987098
test_2356	28673226
test_2357	32647010
test_2358	32647010
test_2359	32647010
test_2360	32647010
test_2361	28987098
test_2362	19573814
test_2363	20066006
test_2364	26878754
test_2365	24512642
test_2366	25243198
test_2367	24512642
test_2368	25279954
test_2369	23678760
test_2370	24512642
test_2371	24512642
test_2372	31039528
test_2373	30400296
test_2374	25279954
test_2375	29485286
test_2376	25279954
test_2377	28987098
test_2378	30602322
test_2379	29873918
test_2380	26878754
test_2381	30154946
test_2382	30154946
test_2383	30154946
test_2384	30154946
test_2385	30154946
test_2386	30154946
test_2387	31737184
test_2388	30602322
test_2389	30602322
test_2390	30154946
test_2391	30878584
test_2392	30602322
test_2393	30602322
test_2394	30154946
test_2395	28987098
test_2396	32647010
test_2397	32647010
test_2398	30602322
test_2399	30213700
test_2400	32030738
test_2401	28987098
test_2402	30602322
test_2403	25279954
test_2404	31163258
test_2405	23678760
test_2406	34498504
test_2407	28813922
test_2408	32647010
test_2409	31039528
test_2410	23678760
test_2411	38094372
test_2412	31421128
test_2413	26878754
test_2414	27112940
test_2415	27112940
test_2416	24512642
test_2417	19496350
test_2418	18500568
test_2419	20066006
test_2420	19588164
test_2421	31421128
test_2422	28987098
test_2423	30602322
test_2424	31421128
test_2425	23678760
test_2426	26903494
test_2427	25737404
test_2428	26903494
test_2429	23417416
test_2430	25279954
test_2431	21267684
test_2432	21911342
test_2433	32647010
test_2434	32647010
test_2435	32647010
test_2436	33151422
test_2437	33151422
test_2438	30713868
test_2439	24957130
test_2440	30213700
test_2441	27112940
test_2442	27112940
test_2443	27112940
test_2444	30602322
test_2445	26878754
test_2446	27970620
test_2447	30213700
test_2448	30213700
test_2449	31039528
test_2450	23542582
test_2451	23542582
test_2452	23542582
test_2453	23542582
test_2454	20066006
test_2455	30957866
test_2456	31039528
test_2457	28987098
test_2458	30659588
test_2459	31421128
test_2460	28987098
test_2461	35822828
test_2462	35822828
test_2463	30602322
test_2464	31421128
test_2465	31421128
test_2466	21911342
test_2467	21911342
test_2468	28987098
test_2469	24512642
test_2470	22246186
test_2471	24709450
test_2472	31039528
test_2473	30602322
test_2474	31039528
test_2475	30602322
test_2476	25279954
test_2477	28923152
test_2478	31421128
test_2479	25402046
test_2480	28987098
test_2481	26878754
test_2482	26878754
test_2483	28248354
test_2484	28248354
test_2485	28248354
test_2486	28248354
test_2487	28248354
test_2488	19496350
test_2489	32030738
test_2490	32030738
test_2491	36939148
test_2492	36699712
test_2493	34683132
test_2494	40223320
test_2495	32647010
test_2496	26878754
test_2497	26654706
test_2498	26878754
test_2499	26878754
test_2500	23678760
test_2501	23678760
test_2502	30602322
test_2503	25266240
test_2504	19496350
test_2505	20066006
test_2506	20066006
test_2507	21267684
test_2508	26878754
test_2509	26878754
test_2510	26878754
test_2511	27970620
test_2512	27970620
test_2513	28987098
test_2514	31421128
test_2515	28225598
test_2516	27112940
test_2517	26803860
test_2518	20066006
test_2519	32647010
test_2520	30620914
test_2521	31039528
test_2522	31163258
test_2523	32647010
test_2524	30602322
test_2525	30602322
test_2526	30602322
test_2527	30659588
test_2528	30916614
test_2529	32647010
test_2530	24957130
test_2531	29485286
test_2532	30602322
test_2533	26878754
test_2534	28923152
test_2535	35049088
test_2536	32618698
test_2537	30916614
test_2538	30916614
test_2539	32647010
test_2540	32143290
test_2541	30916614
test_2542	35049088
test_2543	30916614
test_2544	31802486
test_2545	35049088
test_2546	30916614
test_2547	31802486
test_2548	32647010
test_2549	31802486
test_2550	31802486
test_2551	23417416
test_2552	21987400
test_2553	28923152
test_2554	28987098
test_2555	25301426
test_2556	32588928
test_2557	32588928
test_2558	28673226
test_2559	30713868
test_2560	30713868
test_2561	21911342
test_2562	20066006
test_2563	22246186
test_2564	24957130
test_2565	25279954
test_2566	24957130
test_2567	28673226
test_2568	24512642
test_2569	24957130
test_2570	30602322
test_2571	25164128
test_2572	30602322
test_2573	24957130
test_2574	28248354
test_2575	32577004
test_2576	32577004
test_2577	32577004
test_2578	32577004
test_2579	32647010
test_2580	29133484
test_2581	18432964
test_2582	18500568
test_2583	18432964
test_2584	18432964
test_2585	24957130
test_2586	26878754
test_2587	27112940
test_2588	25279954
test_2589	32647010
test_2590	32647010
test_2591	32647010
test_2592	32647010
test_2593	32647010
test_2594	32647010
test_2595	32647010
test_2596	32647010
test_2597	32647010
test_2598	26878754
test_2599	26878754
test_2600	26878754
test_2601	26878754
test_2602	26878754
test_2603	31038912
test_2604	24512642
test_2605	24512642
test_2606	24512642
test_2607	28673226
test_2608	28673226
test_2609	24512642
test_2610	24512642
test_2611	24512642
test_2612	24512642
test_2613	23342442
test_2614	21911342
test_2615	28987098
test_2616	27112940
test_2617	28673226
test_2618	29485286
test_2619	20066006
test_2620	19529190
test_2621	24957130
test_2622	26803860
test_2623	26803860
test_2624	26803860
test_2625	26803860
test_2626	26803860
test_2627	26803860
test_2628	16415718
test_2629	25327294
test_2630	25737404
test_2631	26803860
test_2632	24957130
test_2633	30602322
test_2634	32647010
test_2635	19588164
test_2636	18495574
test_2637	30400296
test_2638	32647010
test_2639	24512642
test_2640	26803860
test_2641	31314808
test_2642	30659588
test_2643	23417416
test_2644	25279954
test_2645	23542582
test_2646	23173548
test_2647	23678760
test_2648	23399948
test_2649	26878754
test_2650	21267684
test_2651	21911342
test_2652	21267684
test_2653	21267684
test_2654	21911342
test_2655	21911342
test_2656	21267684
test_2657	22331312
test_2658	32647010
test_2659	29133484
test_2660	28702768
test_2661	21911342
test_2662	27112940
test_2663	27112940
test_2664	20066006
test_2665	20066006
test_2666	19496350
test_2667	29458776
test_2668	32647010
test_2669	32647010
test_2670	32647010
test_2671	32647010
test_2672	19573814
test_2673	32647010
test_2674	32647010
test_2675	36508896
test_2676	36508896
test_2677	30916614
test_2678	30916614
test_2679	29458776
test_2680	28248354
test_2681	27112940
test_2682	27112940
test_2683	24512642
test_2684	21985316
test_2685	21985316
test_2686	21985316
test_2687	33756284
test_2688	36508896
test_2689	32588928
test_2690	26878754
test_2691	30154946
test_2692	25737404
test_2693	30659588
test_2694	31421128
test_2695	24957130
test_2696	37351024
test_2697	25402046
test_2698	28702768
test_2699	21911342
test_2700	32030738
test_2701	37283440
test_2702	32030738
test_2703	37485148
test_2704	16415718
test_2705	16415718
test_2706	16415718
test_2707	21985316
test_2708	28673226
test_2709	28673226
test_2710	28987098
test_2711	28987098
test_2712	26878754
test_2713	26878754
test_2714	24957130
test_2715	28987098
test_2716	23678760
test_2717	31163258
test_2718	27258974
test_2719	24709450
test_2720	25327294
test_2721	25402046
test_2722	25402046
test_2723	25402046
test_2724	26878754
test_2725	25402046
test_2726	25888282
test_2727	25888282
test_2728	25402046
test_2729	25327294
test_2730	25402046
test_2731	25327294
test_2732	25737404
test_2733	24957130
test_2734	25327294
test_2735	26878754
test_2736	26878754
test_2737	21911342
test_2738	21911342
test_2739	21267684
test_2740	30602322
test_2741	25848590
test_2742	25279954
test_2743	30602322
test_2744	28987098
test_2745	28987098
test_2746	26878754
test_2747	30878584
test_2748	30878584
test_2749	30878584
test_2750	23417416
test_2751	32647010
test_2752	25402046
test_2753	32143290
test_2754	26878754
test_2755	21985316
test_2756	21774116
test_2757	34498504
test_2758	25402046
test_2759	28987098
test_2760	21471794
test_2761	33786396
test_2762	33786396
test_2763	26878754
test_2764	28702768
test_2765	29485286
test_2766	28702768
test_2767	26878754
test_2768	26878754
test_2769	18495574
test_2770	18500568
test_2771	30602322
test_2772	32618698
test_2773	28673226
test_2774	28673226
test_2775	26803860
test_2776	28673226
test_2777	28673226
test_2778	26803860
test_2779	26878754
test_2780	32647010
test_2781	30659588
test_2782	28987098
test_2783	32030738
test_2784	23417416
test_2785	26903494
test_2786	28987098
test_2787	26878754
test_2788	25279954
test_2789	26803860
test_2790	25402046
test_2791	25279954
test_2792	32030738
test_2793	26040238
test_2794	24957130
test_2795	31421128
test_2796	26878754
test_2797	25737404
test_2798	28987098
test_2799	28987098
test_2800	28702768
test_2801	24957130
test_2802	24957130
test_2803	24957130
test_2804	24957130
test_2805	24957130
test_2806	32647010
test_2807	31421128
test_2808	23417416
test_2809	23173548
test_2810	26878754
test_2811	30602322
test_2812	25402046
test_2813	24512642
test_2814	35822828
test_2815	37485148
test_2816	32030738
test_2817	25402046
test_2818	27270544
test_2819	27270544
test_2820	23678760
test_2821	29485286
test_2822	32143290
test_2823	32143290
test_2824	30225198
test_2825	29133484
test_2826	26878754
test_2827	29133484
test_2828	27270544
test_2829	26878754
test_2830	33151422
test_2831	16415718
test_2832	25327294
test_2833	21985316
test_2834	23678760
test_2835	21985316
test_2836	21985316
test_2837	21985316
test_2838	35822828
test_2839	33756284
test_2840	26878754
test_2841	25327294
test_2842	25935910
test_2843	25737404
test_2844	24957130
test_2845	25279954
test_2846	26878754
test_2847	25327294
test_2848	25327294
test_2849	25327294
test_2850	26878754
test_2851	25279954
test_2852	26878754
test_2853	28987098
test_2854	26878754
test_2855	25279954
test_2856	26878754
test_2857	26878754
test_2858	26878754
test_2859	26878754
test_2860	26878754
test_2861	38094372
test_2862	26878754
test_2863	29459580
test_2864	27112940
test_2865	27112940
test_2866	26878754
test_2867	26878754
test_2868	20287172
test_2869	28701784
test_2870	32647010
test_2871	26878754
test_2872	28673226
test_2873	32588928
test_2874	19496350
test_2875	30602322
test_2876	25737404
test_2877	25737404
test_2878	34463464
test_2879	21911342
test_2880	26878754
test_2881	24512642
test_2882	29485286
test_2883	32647010
test_2884	29485286
test_2885	28987098
test_2886	28987098
test_2887	32499300
test_2888	25402046
test_2889	21911342
test_2890	19496350
test_2891	19496350
test_2892	19496350
test_2893	19496350
test_2894	19496350
test_2895	19496350
test_2896	19496350
test_2897	19496350
test_2898	19496350
test_2899	25737404
test_2900	28987098
test_2901	30602322
test_2902	32647010
test_2903	32647010
test_2904	26878754
test_2905	26878754
test_2906	23342442
test_2907	20066006
test_2908	23417416
test_2909	36939148
test_2910	30602322
test_2911	30602322
test_2912	32647010
test_2913	32647010
test_2914	36380760
test_2915	30602322
test_2916	30602322
test_2917	28702768
test_2918	28987098
test_2919	24512642
test_2920	31421128
test_2921	33756284
test_2922	32647010
test_2923	23678760
test_2924	25737404
test_2925	23678760
test_2926	23561420
test_2927	24512642
test_2928	25737404
test_2929	24512642
test_2930	26878754
test_2931	24512642
test_2932	20066006
test_2933	20066006
test_2934	23417416
test_2935	31362800
test_2936	25279954
test_2937	33756284
test_2938	26878754
test_2939	26803860
test_2940	36508896
test_2941	29873918
test_2942	26878754
test_2943	23880682
test_2944	27270544
test_2945	30602322
test_2946	24957130
test_2947	24957130
test_2948	23678760
test_2949	30878584
test_2950	32261006
test_2951	30602322
test_2952	30602322
test_2953	26803860
test_2954	24512642
test_2955	24512642
test_2956	24512642
test_2957	26903494
test_2958	25279954
test_2959	21267684
test_2960	21987400
test_2961	19667692
test_2962	19667692
test_2963	19667692
test_2964	26803860
test_2965	27112940
test_2966	28987098
test_2967	37522304
test_2968	37522304
test_2969	37522304
test_2970	37522304
test_2971	28987098
test_2972	26878754
test_2973	27112940
test_2974	26803860
test_2975	25266240
test_2976	26878754
test_2977	26803860
test_2978	26878754
test_2979	25266240
test_2980	32618698
test_2981	21911342
test_2982	21911342
test_2983	21911342
test_2984	23678760
test_2985	25928386
test_2986	25928386
test_2987	25928386
test_2988	30659588
test_2989	28987098
test_2990	24512642
test_2991	32030738
test_2992	32647010
test_2993	32647010
test_2994	21911342
test_2995	28702768
test_2996	28420394
test_2997	23417416
test_2998	23417416
test_2999	24512642
test_3000	23417416
test_3001	23417416
test_3002	26878754
test_3003	28987098
test_3004	24957130
test_3005	23291918
test_3006	27112940
test_3007	28987098
test_3008	20066006
test_3009	24512642
test_3010	24512642
test_3011	24957130
test_3012	22246186
test_3013	31039528
test_3014	21985316
test_3015	29704716
test_3016	30602322
test_3017	28987098
test_3018	30602322
test_3019	28629186
test_3020	21911342
test_3021	40520956
test_3022	40520956
test_3023	40520956
test_3024	24957130
test_3025	23417416
test_3026	28225598
test_3027	24957130
test_3028	32647010
test_3029	32647010
test_3030	24512642
test_3031	25317810
test_3032	24512642
test_3033	24512642
test_3034	19496350
test_3035	25402046
test_3036	30659588
test_3037	30713868
test_3038	25737404
test_3039	28987098
test_3040	30602322
test_3041	30957866
test_3042	30659588
test_3043	30659588
test_3044	24957130
test_3045	25327294
test_3046	24957130
test_3047	26903494
test_3048	28987098
test_3049	26878754
test_3050	26878754
test_3051	26878754
test_3052	26878754
test_3053	26878754
test_3054	26878754
test_3055	26878754
test_3056	26878754
test_3057	26878754
test_3058	26878754
test_3059	26878754
test_3060	25301426
test_3061	26878754
test_3062	23678760
test_3063	31737184
test_3064	26878754
test_3065	21985316
test_3066	20066006
test_3067	20066006
test_3068	20066006
test_3069	19884896
test_3070	20066006
test_3071	21267684
test_3072	21267684
test_3073	30659588
test_3074	31039528
test_3075	29458776
test_3076	28673226
test_3077	26903494
test_3078	23417416
test_3079	23417416
test_3080	18495574
test_3081	23678760
test_3082	36911608
test_3083	31737184
test_3084	31802486
test_3085	32030738
test_3086	32143290
test_3087	26636112
test_3088	25737404
test_3089	28987098
test_3090	29485286
test_3091	28987098
test_3092	25737404
test_3093	28702768
test_3094	30659588
test_3095	28702768
test_3096	28879690
test_3097	28348720
test_3098	36508896
test_3099	28673226
test_3100	30602322
test_3101	27112940
test_3102	21985316
test_3103	23507162
test_3104	31421128
test_3105	28923152
test_3106	30602322
test_3107	31737184
test_3108	20066006
test_3109	19573814
test_3110	19573814
test_3111	19573814
test_3112	36097548
test_3113	28987098
test_3114	28987098
test_3115	28987098
test_3116	24957130
test_3117	27112940
test_3118	23417416
test_3119	23417416
test_3120	25327294
test_3121	24957130
test_3122	24957130
test_3123	26803860
test_3124	30659588
test_3125	32030738
test_3126	32647010
test_3127	31039528
test_3128	32647010
test_3129	32647010
test_3130	32647010
test_3131	32618698
test_3132	32618698
test_3133	30400296
test_3134	29133022
test_3135	19496350
test_3136	19496350
test_3137	19496350
test_3138	19496350
test_3139	20066006
test_3140	33671004
test_3141	39624856
test_3142	39624856
test_3143	26878754
test_3144	18432964
test_3145	18160472
test_3146	18495574
test_3147	18495574
test_3148	26878754
test_3149	26878754
test_3150	32647010
test_3151	27112940
test_3152	31421128
test_3153	28987098
test_3154	28673226
test_3155	28225598
test_3156	27112940
test_3157	28348720
test_3158	28987098
test_3159	32647010
test_3160	28673226
test_3161	27112940
test_3162	28987098
test_3163	28348720
test_3164	27970620
test_3165	29458776
test_3166	28673226
test_3167	27112940
test_3168	31421128
test_3169	28673226
test_3170	18432964
test_3171	18160472
test_3172	18182954
test_3173	25555990
test_3174	26878754
test_3175	33786396
test_3176	23678760
test_3177	21267684
test_3178	21267684
test_3179	21911342
test_3180	24957130
test_3181	21911342
test_3182	24957130
test_3183	20066006
test_3184	23417416
test_3185	21911342
test_3186	21267684
test_3187	21267684
test_3188	26878754
test_3189	26878754
test_3190	28987098
test_3191	28987098
test_3192	27112940
test_3193	28348720
test_3194	27112662
test_3195	20066006
test_3196	30659588
test_3197	32647010
test_3198	26878754
test_3199	28987098
test_3200	32647010
test_3201	32647010
test_3202	32647010
test_3203	32647010
test_3204	32647010
test_3205	32647010
test_3206	32647010
test_3207	32647010
test_3208	23678760
test_3209	28987098
test_3210	21911342
test_3211	21911342
test_3212	26903494
test_3213	26903494
test_3214	26878754
test_3215	28348720
test_3216	28987098
test_3217	28987098
test_3218	28987098
test_3219	28987098
test_3220	28987098
test_3221	38770480
test_3222	24512642
test_3223	23542582
test_3224	27970620
test_3225	26878754
test_3226	21985316
test_3227	21267684
test_3228	24512642
test_3229	21911342
test_3230	21911342
test_3231	21267684
test_3232	24512642
test_3233	23542582
test_3234	24957130
test_3235	25402046
test_3236	24957130
test_3237	30602322
test_3238	25402046
test_3239	30602322
test_3240	25402046
test_3241	25402046
test_3242	24957130
test_3243	27270544
test_3244	26878754
test_3245	27112940
test_3246	26878754
test_3247	30659588
test_3248	30659588
test_3249	30659588
test_3250	30659588
test_3251	32030738
test_3252	24957130
test_3253	27970620
test_3254	37485148
test_3255	37485148
test_3256	37485148
test_3257	28987098
test_3258	26878754
test_3259	31737184
test_3260	26803860
test_3261	32647010
test_3262	28673226
test_3263	28673226
test_3264	31737184
test_3265	28121830
test_3266	21911342
test_3267	21911342
test_3268	21911342
test_3269	30602322
test_3270	26903494
test_3271	26903494
test_3272	26903494
test_3273	26878754
test_3274	28987098
test_3275	28702768
test_3276	28673226
test_3277	18160472
test_3278	18160472
test_3279	18160472
test_3280	18160472
test_3281	33151422
test_3282	26128134
test_3283	26878754
test_3284	32647010
test_3285	32618698
test_3286	32618698
test_3287	32618698
test_3288	30659588
test_3289	31421128
test_3290	30659588
test_3291	30659588
test_3292	35049088
test_3293	32618698
test_3294	18432964
test_3295	28987098
test_3296	28987098
test_3297	23417416
test_3298	22246186
test_3299	19496350
test_3300	24512642
test_3301	26878754
test_3302	26878754
test_3303	26878754
test_3304	26878754
test_3305	26878754
test_3306	20066006
test_3307	20066006
test_3308	24512642
test_3309	26878754
test_3310	24512642
test_3311	24957130
test_3312	32647010
test_3313	32647010
test_3314	32289146
test_3315	26878754
test_3316	26878754
test_3317	26878754
test_3318	32647010
test_3319	32647010
test_3320	21267684
test_3321	21985316
test_3322	21985316
test_3323	21911342
test_3324	31421128
test_3325	31421128
test_3326	24512642
test_3327	24512642
test_3328	26040238
test_3329	26040238
test_3330	26040238
test_3331	28629186
test_3332	27112940
test_3333	25402046
test_3334	25402046
test_3335	21911342
test_3336	18097758
test_3337	34639484
test_3338	37858864
test_3339	19806232
test_3340	21911342
test_3341	21267684
test_3342	21267684
test_3343	21985316
test_3344	21985316
test_3345	21267684
test_3346	21911342
test_3347	21267684
test_3348	32647010
test_3349	32647010
test_3350	26878754
test_3351	28987098
test_3352	25737404
test_3353	24512642
test_3354	30602322
test_3355	29336598
test_3356	21468814
test_3357	21267684
test_3358	21267684
test_3359	32647010
test_3360	32647010
test_3361	32647010
test_3362	32647010
test_3363	32647010
test_3364	36939148
test_3365	23542582
test_3366	23542582
test_3367	23542582
test_3368	32647010
test_3369	30602322
test_3370	26878754
test_3371	26878754
test_3372	26878754
test_3373	26878754
test_3374	27112940
test_3375	26878754
test_3376	31421128
test_3377	23118110
test_3378	23118110
test_3379	16415718
test_3380	24957130
test_3381	26878754
test_3382	16415718
test_3383	27258974
test_3384	24957130
test_3385	24957130
test_3386	24957130
test_3387	24709450
test_3388	24957130
test_3389	31421128
test_3390	31421128
test_3391	23678760
test_3392	28673226
test_3393	26878754
test_3394	28348720
test_3395	28673226
test_3396	30602322
test_3397	26654706
test_3398	26654706
test_3399	31802486
test_3400	32647010
test_3401	31802486
test_3402	31802486
test_3403	31802486
test_3404	31802486
test_3405	26878754
test_3406	26878754
test_3407	31421128
test_3408	30659588
test_3409	30916614
test_3410	32647010
test_3411	36627876
test_3412	41948600
test_3413	28987098
test_3414	30602322
test_3415	25737404
test_3416	31737184
test_3417	32647010
test_3418	30400296
test_3419	30659588
test_3420	30602322
test_3421	30602322
test_3422	30659588
test_3423	30602322
test_3424	30659588
test_3425	24464174
test_3426	24464174
test_3427	31421128
test_3428	25279954
test_3429	25737404
test_3430	25737404
test_3431	25279954
test_3432	27112940
test_3433	27112940
test_3434	26803860
test_3435	31421128
test_3436	28987098
test_3437	28987098
test_3438	26878754
test_3439	26803860
test_3440	24512642
test_3441	17664040
test_3442	17664040
test_3443	23678760
test_3444	23678760
test_3445	23678760
test_3446	16415718
test_3447	25737404
test_3448	26040238
test_3449	26878754
test_3450	26878754
test_3451	28702768
test_3452	26878754
test_3453	26878754
test_3454	26878754
test_3455	26040238
test_3456	26040238
test_3457	26040238
test_3458	26803860
test_3459	26878754
test_3460	18495574
test_3461	32647010
test_3462	26903494
test_3463	26903494
test_3464	26903494
test_3465	26878754
test_3466	25737404
test_3467	26903494
test_3468	28673226
test_3469	28673226
test_3470	28673226
test_3471	28673226
test_3472	28248354
test_3473	26636112
test_3474	26040238
test_3475	26803860
test_3476	26803860
test_3477	25301426
test_3478	31737184
test_3479	26878754
test_3480	26878754
test_3481	26878754
test_3482	26878754
test_3483	26803860
test_3484	24512642
test_3485	20066006
test_3486	23678760
test_3487	20066006
test_3488	31737184
test_3489	23417416
test_3490	23561420
test_3491	24512642
test_3492	24957130
test_3493	24512642
test_3494	24957130
test_3495	24512642
test_3496	24512642
test_3497	25279954
test_3498	27270544
test_3499	24957130
test_3500	31163258
test_3501	24512642
test_3502	16854850
test_3503	16854850
test_3504	16415718
test_3505	16415718
test_3506	27112940
test_3507	32588928
test_3508	32647010
test_3509	26878754
test_3510	30602322
test_3511	30602322
test_3512	32261006
test_3513	32499300
test_3514	27970620
test_3515	23678760
test_3516	24957130
test_3517	24957130
test_3518	24957130
test_3519	33786396
test_3520	33786396
test_3521	26878754
test_3522	19884896
test_3523	17664040
test_3524	18500568
test_3525	19496350
test_3526	18097758
test_3527	18495574
test_3528	30602322
test_3529	20066006
test_3530	21267684
test_3531	28702768
test_3532	26878754
test_3533	21267684
test_3534	31039528
test_3535	32647010
test_3536	27258974
test_3537	28987098
test_3538	31421128
test_3539	30602322
test_3540	32647010
test_3541	18432964
test_3542	26878754
test_3543	26878754
test_3544	26803860
test_3545	29133022
test_3546	30602322
test_3547	25402046
test_3548	27112940
test_3549	30602322
test_3550	32647010
test_3551	28987098
test_3552	25737404
test_3553	24957130
test_3554	25555990
test_3555	28987098
test_3556	31802486
test_3557	28987098
test_3558	28987098
test_3559	28987098
test_3560	28987098
test_3561	28987098
test_3562	33151422
test_3563	31039528
test_3564	28987098
test_3565	29485286
test_3566	28702768
test_3567	24957130
test_3568	25402046
test_3569	20066006
test_3570	24512642
test_3571	28702768
test_3572	32647010
test_3573	28923152
test_3574	28673226
test_3575	23542582
test_3576	23173548
test_3577	23542582
test_3578	18182954
test_3579	18500568
test_3580	32647010
test_3581	28987098
test_3582	20066006
test_3583	20066006
test_3584	21911342
test_3585	23417416
test_3586	26878754
test_3587	25279954
test_3588	32647010
test_3589	35822828
test_3590	32647010
test_3591	30602322
test_3592	30602322
test_3593	26878754
test_3594	25279954
test_3595	26803860
test_3596	26803860
test_3597	23118110
test_3598	23118110
test_3599	30602322
test_3600	24251226
test_3601	24957130
test_3602	24957130
test_3603	24957130
test_3604	26803860
test_3605	24251226
test_3606	24251226
test_3607	24251226
test_3608	25317810
test_3609	26803860
test_3610	24251226
test_3611	30659588
test_3612	21267684
test_3613	24512642
test_3614	20287172
test_3615	31737184
test_3616	27270544
test_3617	30602322
test_3618	30608736
test_3619	32577004
test_3620	30602322
test_3621	31039528
test_3622	30602322
test_3623	31421128
test_3624	30602322
test_3625	32647010
test_3626	31421128
test_3627	30659588
test_3628	30602322
test_3629	24512642
test_3630	25105918
test_3631	24957130
test_3632	24512642
test_3633	24709450
test_3634	24512642
test_3635	23417416
test_3636	27112940
test_3637	25317810
test_3638	32618698
test_3639	32618698
test_3640	23417416
test_3641	21985316
test_3642	32344602
test_3643	32344602
test_3644	21985316
test_3645	23118110
test_3646	30602322
test_3647	30713868
test_3648	31039528
test_3649	27112940
test_3650	27112940
test_3651	27112940
test_3652	30659588
test_3653	28923152
test_3654	31421128
test_3655	24957130
test_3656	24709450
test_3657	18097758
test_3658	19496350
test_3659	28673226
test_3660	37283440
test_3661	37283440
test_3662	16415718
test_3663	16415718
test_3664	28987098
test_3665	28923152
test_3666	29485286
test_3667	28923152
test_3668	30602322
test_3669	28923152
test_3670	28987098
test_3671	28923152
test_3672	28987098
test_3673	20066006
test_3674	23678760
test_3675	25402046
test_3676	27112940
test_3677	28987098
test_3678	28987098
test_3679	28987098
test_3680	30659588
test_3681	31039528
test_3682	31737184
test_3683	28987098
test_3684	21911342
test_3685	21911342
test_3686	27270544
test_3687	26878754
test_3688	27112940
test_3689	20066006
test_3690	20066006
test_3691	25737404
test_3692	24512642
test_3693	28629186
test_3694	26878754
test_3695	31039528
test_3696	27112940
test_3697	27112940
test_3698	23678760
test_3699	24251226
test_3700	23678760
test_3701	23678760
test_3702	23678760
test_3703	23678760
test_3704	21468814
test_3705	31421128
test_3706	26878754
test_3707	26878754
test_3708	25279954
test_3709	39624856
test_3710	21911342
test_3711	20287172
test_3712	21987400
test_3713	23417416
test_3714	26878754
test_3715	38674548
test_3716	32030738
test_3717	26040238
test_3718	24512642
test_3719	25555990
test_3720	26878754
test_3721	26803860
test_3722	26878754
test_3723	26878754
test_3724	26878754
test_3725	26878754
test_3726	34683132
test_3727	32647010
test_3728	20066006
test_3729	24512642
test_3730	21911342
test_3731	23118110
test_3732	21267684
test_3733	25737404
test_3734	32647010
test_3735	32647010
test_3736	32647010
test_3737	27112940
test_3738	24709450
test_3739	24957130
test_3740	23678760
test_3741	23561420
test_3742	23561420
test_3743	27112940
test_3744	35049088
test_3745	28923152
test_3746	26878754
test_3747	25402046
test_3748	26903494
test_3749	30659588
test_3750	31737184
test_3751	31421128
test_3752	31421128
test_3753	31737184
test_3754	28673226
test_3755	25301426
test_3756	25301426
test_3757	25737404
test_3758	28673226
test_3759	26803860
test_3760	26878754
test_3761	28673226
test_3762	28673226
test_3763	26803860
test_3764	16854850
test_3765	18160472
test_3766	40223320
test_3767	37467664
test_3768	32588928
test_3769	35723076
test_3770	32647010
test_3771	32647010
test_3772	32647010
test_3773	31737184
test_3774	30602322
test_3775	28987098
test_3776	28987098
test_3777	25737404
test_3778	25737404
test_3779	25737404
test_3780	43845828
test_3781	31314808
test_3782	21985316
test_3783	23678760
test_3784	31737184
test_3785	24512642
test_3786	32647010
test_3787	31421128
test_3788	28987098
test_3789	30602322
test_3790	28987098
test_3791	30602322
test_3792	30602322
test_3793	30602322
test_3794	28987098
test_3795	28987098
test_3796	30602322
test_3797	28987098
test_3798	21985316
test_3799	35723076
test_3800	37485148
test_3801	26878754
test_3802	26878754
test_3803	26878754
test_3804	26878754
test_3805	26878754
test_3806	28248354
test_3807	28673226
test_3808	23678760
test_3809	25327294
test_3810	27817080
test_3811	30602322
test_3812	30602322
test_3813	25327294
test_3814	21911342
test_3815	37450060
test_3816	37450060
test_3817	21985316
test_3818	21911342
test_3819	21985316
test_3820	21985316
test_3821	22246186
test_3822	21985316
test_3823	21911342
test_3824	21911342
test_3825	21774116
test_3826	21471794
test_3827	21985316
test_3828	22246186
test_3829	32618698
test_3830	30659588
test_3831	19496350
test_3832	28673226
test_3833	21267684
test_3834	21911342
test_3835	27970620
test_3836	27970620
test_3837	27970620
test_3838	27970620
test_3839	27112940
test_3840	32647010
test_3841	32647010
test_3842	28673226
test_3843	18160472
test_3844	30602322
test_3845	26878754
test_3846	24957130
test_3847	24957130
test_3848	24957130
test_3849	26878754
test_3850	26878754
test_3851	19573814
test_3852	20066006
test_3853	26878754
test_3854	26878754
test_3855	36380760
test_3856	36380760
test_3857	20066006
test_3858	32647010
test_3859	32647010
test_3860	32647010
test_3861	32647010
test_3862	32647010
test_3863	32647010
test_3864	32647010
test_3865	32647010
test_3866	32647010
test_3867	38630548
test_3868	32647010
test_3869	32647010
test_3870	32647010
test_3871	32647010
test_3872	32647010
test_3873	20066006
test_3874	32647010
test_3875	31737184
test_3876	24957130
test_3877	24957130
test_3878	24512642
test_3879	26878754
test_3880	26878754
test_3881	23542582
test_3882	25402046
test_3883	25327294
test_3884	25279954
test_3885	24709450
test_3886	24957130
test_3887	25279954
test_3888	24709450
test_3889	27270544
test_3890	24512642
test_3891	29485286
test_3892	28987098
test_3893	28987098
test_3894	28987098
test_3895	28987098
test_3896	29485286
test_3897	24957130
test_3898	37450060
test_3899	27112940
test_3900	27112940
test_3901	26878754
test_3902	26878754
test_3903	26878754
test_3904	21985316
test_3905	24512642
test_3906	24512642
test_3907	18495574
test_3908	24512642
test_3909	24512642
test_3910	36144284
test_3911	30916614
test_3912	30659588
test_3913	23417416
test_3914	31421128
test_3915	32618698
test_3916	30602322
test_3917	30602322
test_3918	23342442
test_3919	31362800
test_3920	37485148
test_3921	36508896
test_3922	36508896
test_3923	39444280
test_3924	37485148
test_3925	30659588
test_3926	30400296
test_3927	30400296
test_3928	32647010
test_3929	30659588
test_3930	32647010
test_3931	27112940
test_3932	28702768
test_3933	25327294
test_3934	29458776
test_3935	31039528
test_3936	31737184
test_3937	35365976
test_3938	37483972
test_3939	23507162
test_3940	21985316
test_3941	23417416
test_3942	23542582
test_3943	24512642
test_3944	23417416
test_3945	24512642
test_3946	23417416
test_3947	23417416
test_3948	32647010
test_3949	36144284
test_3950	36144284
test_3951	26803860
test_3952	29704716
test_3953	23417416
test_3954	23417416
test_3955	25555990
test_3956	23880682
test_3957	26878754
test_3958	28923152
test_3959	27270544
test_3960	26803860
test_3961	26803860
test_3962	36360832
test_3963	26878754
test_3964	26878754
test_3965	26803860
test_3966	26803860
test_3967	26878754
test_3968	20287172
test_3969	24512642
test_3970	26878754
test_3971	32647010
test_3972	26903494
test_3973	26903494
test_3974	26878754
test_3975	26878754
test_3976	26878754
test_3977	26903494
test_3978	26803860
test_3979	26878754
test_3980	26903494
test_3981	26878754
test_3982	26878754
test_3983	25737404
test_3984	25737404
test_3985	30225198
test_3986	28673226
test_3987	26878754
test_3988	26878754
test_3989	25737404
test_3990	25737404
test_3991	25737404
test_3992	26803860
test_3993	25737404
test_3994	25737404
test_3995	26878754
test_3996	25737404
test_3997	25737404
test_3998	25737404
test_3999	25737404
test_4000	21911342
test_4001	23417416
test_4002	21985316
test_4003	32030738
test_4004	26040238
test_4005	25327294
test_4006	32588928
test_4007	30659588
test_4008	28248354
test_4009	28348720
test_4010	32647010
test_4011	28673226
test_4012	32647010
test_4013	32647010
test_4014	28248354
test_4015	32647010
test_4016	28348720
test_4017	28248354
test_4018	25402046
test_4019	20066006
test_4020	28987098
test_4021	27258974
test_4022	27258974
test_4023	31421128
test_4024	31421128
test_4025	31421128
test_4026	31421128
test_4027	31421128
test_4028	23678760
test_4029	25402046
test_4030	32647010
test_4031	30154946
test_4032	38593340
test_4033	38593340
test_4034	28987098
test_4035	29458776
test_4036	25737404
test_4037	23531096
test_4038	28987098
test_4039	26878754
test_4040	26878754
test_4041	26878754
test_4042	26878754
test_4043	21267684
test_4044	23118110
test_4045	21468814
test_4046	34463464
test_4047	34463464
test_4048	34463464
test_4049	34463464
test_4050	32030738
test_4051	34463464
test_4052	34463464
test_4053	32030738
test_4054	33671004
test_4055	30213700
test_4056	31039528
test_4057	30659588
test_4058	21985316
test_4059	21911342
test_4060	36508896
test_4061	36508896
test_4062	36508896
test_4063	36508896
test_4064	36508896
test_4065	36508896
test_4066	36508896
test_4067	41848900
test_4068	24512642
test_4069	19496350
test_4070	19496350
test_4071	19529190
test_4072	19148194
test_4073	30620914
test_4074	30620914
test_4075	24512642
test_4076	23678760
test_4077	23678760
test_4078	23678760
test_4079	29704716
test_4080	26878754
test_4081	26878754
test_4082	30659588
test_4083	20066006
test_4084	20066006
test_4085	19496350
test_4086	19496350
test_4087	25402046
test_4088	25279954
test_4089	24957130
test_4090	23417416
test_4091	23417416
test_4092	30602322
test_4093	26878754
test_4094	28987098
test_4095	30602322
test_4096	32030738
test_4097	26878754
test_4098	21985316
test_4099	21985316
test_4100	21985316
test_4101	32647010
test_4102	32647010
test_4103	31421128
test_4104	31513390
test_4105	25737404
test_4106	28987098
test_4107	18182954
test_4108	23417416
test_4109	32647010
test_4110	29009240
test_4111	31737184
test_4112	25555990
test_4113	28348720
test_4114	26040238
test_4115	32647010
test_4116	25737404
test_4117	29485286
test_4118	28702768
test_4119	23678760
test_4120	24957130
test_4121	24512642
test_4122	31421128
test_4123	26878754
test_4124	23678760
test_4125	27270544
test_4126	26878754
test_4127	25555990
test_4128	21985316
test_4129	28987098
test_4130	32647010
test_4131	28987098
test_4132	26803860
test_4133	31421128
test_4134	26084004
test_4135	25279954
test_4136	24512642
test_4137	30659588
test_4138	32647010
test_4139	32647010
test_4140	20066006
test_4141	21911342
test_4142	21911342
test_4143	20066006
test_4144	26878754
test_4145	26878754
test_4146	26878754
test_4147	28987098
test_4148	32618698
test_4149	32618698
test_4150	36380760
test_4151	23531096
test_4152	37283440
test_4153	26878754
test_4154	26878754
test_4155	18432964
test_4156	18432964
test_4157	32647010
test_4158	32647010
test_4159	30659588
test_4160	25327294
test_4161	26878754
test_4162	28987098
test_4163	20066006
test_4164	21267684
test_4165	21267684
test_4166	20066006
test_4167	20066006
test_4168	21267684
test_4169	20066006
test_4170	20287172
test_4171	30659588
test_4172	26878754
test_4173	26878754
test_4174	23417416
test_4175	20066006
test_4176	20066006
test_4177	32647010
test_4178	26878754
test_4179	27112940
test_4180	30602322
test_4181	25402046
test_4182	18500568
test_4183	18495574
test_4184	26878754
test_4185	29485286
test_4186	26878754
test_4187	26878754
test_4188	28987098
test_4189	27112940
test_4190	22246186
test_4191	20066006
test_4192	37450060
test_4193	23542582
test_4194	30306246
test_4195	28923152
test_4196	28923152
test_4197	28702768
test_4198	30659588
test_4199	30602322
test_4200	27970620
test_4201	26878754
test_4202	25737404
test_4203	26878754
test_4204	20066006
test_4205	21267684
test_4206	27258974
test_4207	26878754
test_4208	26878754
test_4209	27270544
test_4210	27258974
test_4211	21267684
test_4212	19573814
test_4213	20066006
test_4214	21267684
test_4215	24957130
test_4216	24957130
test_4217	40223320
test_4218	30916614
test_4219	37485148
test_4220	21911342
test_4221	23678760
test_4222	25737404
test_4223	26803860
test_4224	28701784
test_4225	25737404
test_4226	26878754
test_4227	30602322
test_4228	26878754
test_4229	26878754
test_4230	28673226
test_4231	26040238
test_4232	25737404
test_4233	26636112
test_4234	26803860
test_4235	36508896
test_4236	32647010
test_4237	26878754
test_4238	25279954
test_4239	26878754
test_4240	23118110
test_4241	35822828
test_4242	36144284
test_4243	32647010
test_4244	32647010
test_4245	28673226
test_4246	35822828
test_4247	24098750
test_4248	23678760
test_4249	24098750
test_4250	23678760
test_4251	27112940
test_4252	27112940
test_4253	28702768
test_4254	28987098
test_4255	28702768
test_4256	23678760
test_4257	26878754
test_4258	28181706
test_4259	30620914
test_4260	27112940
test_4261	30602322
test_4262	30602322
test_4263	32030738
test_4264	19573814
test_4265	37283440
test_4266	36939148
test_4267	29873918
test_4268	30602322
test_4269	28181706
test_4270	26903494
test_4271	26903494
test_4272	38593340
