PassengerId,Pclass,Sex,Age,0_Dr,0_Master,0_Miss,0_Mr,0_Mrs,SibSp,Fare,C,Q,S
1,3,0,22,0,0,0,1,0,1,7.25,0,0,1
2,1,1,38,0,0,0,0,1,1,71.2833,1,0,0
3,3,1,26,0,0,1,0,0,0,7.925,0,0,1
4,1,1,35,0,0,0,0,1,1,53.1,0,0,1
5,3,0,35,0,0,0,1,0,0,8.05,0,0,1
6,3,0,29,0,0,0,1,0,0,8.4583,0,1,0
7,1,0,54,0,0,0,1,0,0,51.8625,0,0,1
8,3,0,2,0,1,0,0,0,3,21.075,0,0,1
9,3,1,27,0,0,0,0,1,0,11.1333,0,0,1
10,2,1,14,0,0,0,0,1,1,30.0708,1,0,0
11,3,1,4,0,0,1,0,0,1,16.7,0,0,1
12,1,1,58,0,0,1,0,0,0,26.55,0,0,1
13,3,0,20,0,0,0,1,0,0,8.05,0,0,1
14,3,0,39,0,0,0,1,0,1,31.275,0,0,1
15,3,1,14,0,0,1,0,0,0,7.8542,0,0,1
16,2,1,55,0,0,0,0,1,0,16.0,0,0,1
17,3,0,2,0,1,0,0,0,4,29.125,0,1,0
18,2,0,29,0,0,0,1,0,0,13.0,0,0,1
19,3,1,31,0,0,0,0,1,1,18.0,0,0,1
20,3,1,29,0,0,0,0,1,0,7.225,1,0,0
21,2,0,35,0,0,0,1,0,0,26.0,0,0,1
22,2,0,34,0,0,0,1,0,0,13.0,0,0,1
23,3,1,15,0,0,1,0,0,0,8.0292,0,1,0
24,1,0,28,0,0,0,1,0,0,35.5,0,0,1
25,3,1,8,0,0,1,0,0,3,21.075,0,0,1
26,3,1,38,0,0,0,0,1,1,31.3875,0,0,1
27,3,0,29,0,0,0,1,0,0,7.225,1,0,0
28,1,0,19,0,0,0,1,0,3,263.0,0,0,1
29,3,1,29,0,0,1,0,0,0,7.8792,0,1,0
30,3,0,29,0,0,0,1,0,0,7.8958,0,0,1
31,1,0,40,0,0,0,0,0,0,27.7208,1,0,0
32,1,1,29,0,0,0,0,1,1,146.5208,1,0,0
33,3,1,29,0,0,1,0,0,0,7.75,0,1,0
34,2,0,66,0,0,0,1,0,0,10.5,0,0,1
35,1,0,28,0,0,0,1,0,1,82.1708,1,0,0
36,1,0,42,0,0,0,1,0,1,52.0,0,0,1
37,3,0,29,0,0,0,1,0,0,7.2292,1,0,0
38,3,0,21,0,0,0,1,0,0,8.05,0,0,1
39,3,1,18,0,0,1,0,0,2,18.0,0,0,1
40,3,1,14,0,0,1,0,0,1,11.2417,1,0,0
41,3,1,40,0,0,0,0,1,1,9.475,0,0,1
42,2,1,27,0,0,0,0,1,1,21.0,0,0,1
43,3,0,29,0,0,0,1,0,0,7.8958,1,0,0
44,2,1,3,0,0,1,0,0,1,41.5792,1,0,0
45,3,1,19,0,0,1,0,0,0,7.8792,0,1,0
46,3,0,29,0,0,0,1,0,0,8.05,0,0,1
47,3,0,29,0,0,0,1,0,1,15.5,0,1,0
48,3,1,29,0,0,1,0,0,0,7.75,0,1,0
49,3,0,29,0,0,0,1,0,2,21.6792,1,0,0
50,3,1,18,0,0,0,0,1,1,17.8,0,0,1
51,3,0,7,0,1,0,0,0,4,39.6875,0,0,1
52,3,0,21,0,0,0,1,0,0,7.8,0,0,1
53,1,1,49,0,0,0,0,1,1,76.7292,1,0,0
54,2,1,29,0,0,0,0,1,1,26.0,0,0,1
55,1,0,65,0,0,0,1,0,0,61.9792,1,0,0
56,1,0,29,0,0,0,1,0,0,35.5,0,0,1
57,2,1,21,0,0,1,0,0,0,10.5,0,0,1
58,3,0,28,0,0,0,1,0,0,7.2292,1,0,0
59,2,1,5,0,0,1,0,0,1,27.75,0,0,1
60,3,0,11,0,1,0,0,0,5,46.9,0,0,1
61,3,0,22,0,0,0,1,0,0,7.2292,1,0,0
62,1,1,38,0,0,1,0,0,0,80.0,0,0,0
63,1,0,45,0,0,0,1,0,1,83.475,0,0,1
64,3,0,4,0,1,0,0,0,3,27.9,0,0,1
65,1,0,29,0,0,0,1,0,0,27.7208,1,0,0
66,3,0,29,0,1,0,0,0,1,15.2458,1,0,0
67,2,1,29,0,0,0,0,1,0,10.5,0,0,1
68,3,0,19,0,0,0,1,0,0,8.1583,0,0,1
69,3,1,17,0,0,1,0,0,4,7.925,0,0,1
70,3,0,26,0,0,0,1,0,2,8.6625,0,0,1
71,2,0,32,0,0,0,1,0,0,10.5,0,0,1
72,3,1,16,0,0,1,0,0,5,46.9,0,0,1
73,2,0,21,0,0,0,1,0,0,73.5,0,0,1
74,3,0,26,0,0,0,1,0,1,14.4542,1,0,0
75,3,0,32,0,0,0,1,0,0,56.4958,0,0,1
76,3,0,25,0,0,0,1,0,0,7.65,0,0,1
77,3,0,29,0,0,0,1,0,0,7.8958,0,0,1
78,3,0,29,0,0,0,1,0,0,8.05,0,0,1
79,2,0,0,0,1,0,0,0,0,29.0,0,0,1
80,3,1,30,0,0,1,0,0,0,12.475,0,0,1
81,3,0,22,0,0,0,1,0,0,9.0,0,0,1
82,3,0,29,0,0,0,1,0,0,9.5,0,0,1
83,3,1,29,0,0,1,0,0,0,7.7875,0,1,0
84,1,0,28,0,0,0,1,0,0,47.1,0,0,1
85,2,1,17,0,0,1,0,0,0,10.5,0,0,1
86,3,1,33,0,0,0,0,1,3,15.85,0,0,1
87,3,0,16,0,0,0,1,0,1,34.375,0,0,1
88,3,0,29,0,0,0,1,0,0,8.05,0,0,1
89,1,1,23,0,0,1,0,0,3,263.0,0,0,1
90,3,0,24,0,0,0,1,0,0,8.05,0,0,1
91,3,0,29,0,0,0,1,0,0,8.05,0,0,1
92,3,0,20,0,0,0,1,0,0,7.8542,0,0,1
93,1,0,46,0,0,0,1,0,1,61.175,0,0,1
94,3,0,26,0,0,0,1,0,1,20.575,0,0,1
95,3,0,59,0,0,0,1,0,0,7.25,0,0,1
96,3,0,29,0,0,0,1,0,0,8.05,0,0,1
97,1,0,71,0,0,0,1,0,0,34.6542,1,0,0
98,1,0,23,0,0,0,1,0,0,63.3583,1,0,0
99,2,1,34,0,0,0,0,1,0,23.0,0,0,1
100,2,0,34,0,0,0,1,0,1,26.0,0,0,1
101,3,1,28,0,0,1,0,0,0,7.8958,0,0,1
102,3,0,29,0,0,0,1,0,0,7.8958,0,0,1
103,1,0,21,0,0,0,1,0,0,77.2875,0,0,1
104,3,0,33,0,0,0,1,0,0,8.6542,0,0,1
105,3,0,37,0,0,0,1,0,2,7.925,0,0,1
106,3,0,28,0,0,0,1,0,0,7.8958,0,0,1
107,3,1,21,0,0,1,0,0,0,7.65,0,0,1
108,3,0,29,0,0,0,1,0,0,7.775,0,0,1
109,3,0,38,0,0,0,1,0,0,7.8958,0,0,1
110,3,1,29,0,0,1,0,0,1,24.15,0,1,0
111,1,0,47,0,0,0,1,0,0,52.0,0,0,1
112,3,1,14,0,0,1,0,0,1,14.4542,1,0,0
113,3,0,22,0,0,0,1,0,0,8.05,0,0,1
114,3,1,20,0,0,1,0,0,1,9.825,0,0,1
115,3,1,17,0,0,1,0,0,0,14.4583,1,0,0
116,3,0,21,0,0,0,1,0,0,7.925,0,0,1
117,3,0,70,0,0,0,1,0,0,7.75,0,1,0
118,2,0,29,0,0,0,1,0,1,21.0,0,0,1
119,1,0,24,0,0,0,1,0,0,247.5208,1,0,0
120,3,1,2,0,0,1,0,0,4,31.275,0,0,1
121,2,0,21,0,0,0,1,0,2,73.5,0,0,1
122,3,0,29,0,0,0,1,0,0,8.05,0,0,1
123,2,0,32,0,0,0,1,0,1,30.0708,1,0,0
124,2,1,32,0,0,1,0,0,0,13.0,0,0,1
125,1,0,54,0,0,0,1,0,0,77.2875,0,0,1
126,3,0,12,0,1,0,0,0,1,11.2417,1,0,0
127,3,0,29,0,0,0,1,0,0,7.75,0,1,0
128,3,0,24,0,0,0,1,0,0,7.1417,0,0,1
129,3,1,29,0,0,1,0,0,1,22.3583,1,0,0
130,3,0,45,0,0,0,1,0,0,6.975,0,0,1
131,3,0,33,0,0,0,1,0,0,7.8958,1,0,0
132,3,0,20,0,0,0,1,0,0,7.05,0,0,1
133,3,1,47,0,0,0,0,1,1,14.5,0,0,1
134,2,1,29,0,0,0,0,1,1,26.0,0,0,1
135,2,0,25,0,0,0,1,0,0,13.0,0,0,1
136,2,0,23,0,0,0,1,0,0,15.0458,1,0,0
137,1,1,19,0,0,1,0,0,0,26.2833,0,0,1
138,1,0,37,0,0,0,1,0,1,53.1,0,0,1
139,3,0,16,0,0,0,1,0,0,9.2167,0,0,1
140,1,0,24,0,0,0,1,0,0,79.2,1,0,0
141,3,1,29,0,0,0,0,1,0,15.2458,1,0,0
142,3,1,22,0,0,1,0,0,0,7.75,0,0,1
143,3,1,24,0,0,0,0,1,1,15.85,0,0,1
144,3,0,19,0,0,0,1,0,0,6.75,0,1,0
145,2,0,18,0,0,0,1,0,0,11.5,0,0,1
146,2,0,19,0,0,0,1,0,1,36.75,0,0,1
147,3,0,27,0,0,0,1,0,0,7.7958,0,0,1
148,3,1,9,0,0,1,0,0,2,34.375,0,0,1
149,2,0,36,0,0,0,1,0,0,26.0,0,0,1
150,2,0,42,0,0,0,0,0,0,13.0,0,0,1
151,2,0,51,0,0,0,0,0,0,12.525,0,0,1
152,1,1,22,0,0,0,0,1,1,66.6,0,0,1
153,3,0,55,0,0,0,1,0,0,8.05,0,0,1
154,3,0,40,0,0,0,1,0,0,14.5,0,0,1
155,3,0,29,0,0,0,1,0,0,7.3125,0,0,1
156,1,0,51,0,0,0,1,0,0,61.3792,1,0,0
157,3,1,16,0,0,1,0,0,0,7.7333,0,1,0
158,3,0,30,0,0,0,1,0,0,8.05,0,0,1
159,3,0,29,0,0,0,1,0,0,8.6625,0,0,1
160,3,0,29,0,1,0,0,0,8,69.55,0,0,1
161,3,0,44,0,0,0,1,0,0,16.1,0,0,1
162,2,1,40,0,0,0,0,1,0,15.75,0,0,1
163,3,0,26,0,0,0,1,0,0,7.775,0,0,1
164,3,0,17,0,0,0,1,0,0,8.6625,0,0,1
165,3,0,1,0,1,0,0,0,4,39.6875,0,0,1
166,3,0,9,0,1,0,0,0,0,20.525,0,0,1
167,1,1,29,0,0,0,0,1,0,55.0,0,0,1
168,3,1,45,0,0,0,0,1,1,27.9,0,0,1
169,1,0,29,0,0,0,1,0,0,25.925,0,0,1
170,3,0,28,0,0,0,1,0,0,56.4958,0,0,1
171,1,0,61,0,0,0,1,0,0,33.5,0,0,1
172,3,0,4,0,1,0,0,0,4,29.125,0,1,0
173,3,1,1,0,0,1,0,0,1,11.1333,0,0,1
174,3,0,21,0,0,0,1,0,0,7.925,0,0,1
175,1,0,56,0,0,0,1,0,0,30.6958,1,0,0
176,3,0,18,0,0,0,1,0,1,7.8542,0,0,1
177,3,0,29,0,1,0,0,0,3,25.4667,0,0,1
178,1,1,50,0,0,1,0,0,0,28.7125,1,0,0
179,2,0,30,0,0,0,1,0,0,13.0,0,0,1
180,3,0,36,0,0,0,1,0,0,0.0,0,0,1
181,3,1,29,0,0,1,0,0,8,69.55,0,0,1
182,2,0,29,0,0,0,1,0,0,15.05,1,0,0
183,3,0,9,0,1,0,0,0,4,31.3875,0,0,1
184,2,0,1,0,1,0,0,0,2,39.0,0,0,1
185,3,1,4,0,0,1,0,0,0,22.025,0,0,1
186,1,0,29,0,0,0,1,0,0,50.0,0,0,1
187,3,1,29,0,0,0,0,1,1,15.5,0,1,0
188,1,0,45,0,0,0,1,0,0,26.55,0,0,1
189,3,0,40,0,0,0,1,0,1,15.5,0,1,0
190,3,0,36,0,0,0,1,0,0,7.8958,0,0,1
191,2,1,32,0,0,0,0,1,0,13.0,0,0,1
192,2,0,19,0,0,0,1,0,0,13.0,0,0,1
193,3,1,19,0,0,1,0,0,1,7.8542,0,0,1
194,2,0,3,0,1,0,0,0,1,26.0,0,0,1
195,1,1,44,0,0,0,0,1,0,27.7208,1,0,0
196,1,1,58,0,0,1,0,0,0,146.5208,1,0,0
197,3,0,29,0,0,0,1,0,0,7.75,0,1,0
198,3,0,42,0,0,0,1,0,0,8.4042,0,0,1
199,3,1,29,0,0,1,0,0,0,7.75,0,1,0
200,2,1,24,0,0,1,0,0,0,13.0,0,0,1
201,3,0,28,0,0,0,1,0,0,9.5,0,0,1
202,3,0,29,0,0,0,1,0,8,69.55,0,0,1
203,3,0,34,0,0,0,1,0,0,6.4958,0,0,1
204,3,0,45,0,0,0,1,0,0,7.225,1,0,0
205,3,0,18,0,0,0,1,0,0,8.05,0,0,1
206,3,1,2,0,0,1,0,0,0,10.4625,0,0,1
207,3,0,32,0,0,0,1,0,1,15.85,0,0,1
208,3,0,26,0,0,0,1,0,0,18.7875,1,0,0
209,3,1,16,0,0,1,0,0,0,7.75,0,1,0
210,1,0,40,0,0,0,1,0,0,31.0,1,0,0
211,3,0,24,0,0,0,1,0,0,7.05,0,0,1
212,2,1,35,0,0,1,0,0,0,21.0,0,0,1
213,3,0,22,0,0,0,1,0,0,7.25,0,0,1
214,2,0,30,0,0,0,1,0,0,13.0,0,0,1
215,3,0,29,0,0,0,1,0,1,7.75,0,1,0
216,1,1,31,0,0,1,0,0,1,113.275,1,0,0
217,3,1,27,0,0,1,0,0,0,7.925,0,0,1
218,2,0,42,0,0,0,1,0,1,27.0,0,0,1
219,1,1,32,0,0,1,0,0,0,76.2917,1,0,0
220,2,0,30,0,0,0,1,0,0,10.5,0,0,1
221,3,0,16,0,0,0,1,0,0,8.05,0,0,1
222,2,0,27,0,0,0,1,0,0,13.0,0,0,1
223,3,0,51,0,0,0,1,0,0,8.05,0,0,1
224,3,0,29,0,0,0,1,0,0,7.8958,0,0,1
225,1,0,38,0,0,0,1,0,1,90.0,0,0,1
226,3,0,22,0,0,0,1,0,0,9.35,0,0,1
227,2,0,19,0,0,0,1,0,0,10.5,0,0,1
228,3,0,20,0,0,0,1,0,0,7.25,0,0,1
229,2,0,18,0,0,0,1,0,0,13.0,0,0,1
230,3,1,29,0,0,1,0,0,3,25.4667,0,0,1
231,1,1,35,0,0,0,0,1,1,83.475,0,0,1
232,3,0,29,0,0,0,1,0,0,7.775,0,0,1
233,2,0,59,0,0,0,1,0,0,13.5,0,0,1
234,3,1,5,0,0,1,0,0,4,31.3875,0,0,1
235,2,0,24,0,0,0,1,0,0,10.5,0,0,1
236,3,1,29,0,0,1,0,0,0,7.55,0,0,1
237,2,0,44,0,0,0,1,0,1,26.0,0,0,1
238,2,1,8,0,0,1,0,0,0,26.25,0,0,1
239,2,0,19,0,0,0,1,0,0,10.5,0,0,1
240,2,0,33,0,0,0,1,0,0,12.275,0,0,1
241,3,1,29,0,0,1,0,0,1,14.4542,1,0,0
242,3,1,29,0,0,1,0,0,1,15.5,0,1,0
243,2,0,29,0,0,0,1,0,0,10.5,0,0,1
244,3,0,22,0,0,0,1,0,0,7.125,0,0,1
245,3,0,30,0,0,0,1,0,0,7.225,1,0,0
246,1,0,44,1,0,0,0,0,2,90.0,0,1,0
247,3,1,25,0,0,1,0,0,0,7.775,0,0,1
248,2,1,24,0,0,0,0,1,0,14.5,0,0,1
249,1,0,37,0,0,0,1,0,1,52.5542,0,0,1
250,2,0,54,0,0,0,0,0,1,26.0,0,0,1
251,3,0,29,0,0,0,1,0,0,7.25,0,0,1
252,3,1,29,0,0,0,0,1,1,10.4625,0,0,1
253,1,0,62,0,0,0,1,0,0,26.55,0,0,1
254,3,0,30,0,0,0,1,0,1,16.1,0,0,1
255,3,1,41,0,0,0,0,1,0,20.2125,0,0,1
256,3,1,29,0,0,0,0,1,0,15.2458,1,0,0
257,1,1,29,0,0,0,0,1,0,79.2,1,0,0
258,1,1,30,0,0,1,0,0,0,86.5,0,0,1
259,1,1,35,0,0,1,0,0,0,512.3292,1,0,0
260,2,1,50,0,0,0,0,1,0,26.0,0,0,1
261,3,0,29,0,0,0,1,0,0,7.75,0,1,0
262,3,0,3,0,1,0,0,0,4,31.3875,0,0,1
263,1,0,52,0,0,0,1,0,1,79.65,0,0,1
264,1,0,40,0,0,0,1,0,0,0.0,0,0,1
265,3,1,29,0,0,1,0,0,0,7.75,0,1,0
266,2,0,36,0,0,0,1,0,0,10.5,0,0,1
267,3,0,16,0,0,0,1,0,4,39.6875,0,0,1
268,3,0,25,0,0,0,1,0,1,7.775,0,0,1
269,1,1,58,0,0,0,0,1,0,153.4625,0,0,1
270,1,1,35,0,0,1,0,0,0,135.6333,0,0,1
271,1,0,29,0,0,0,1,0,0,31.0,0,0,1
272,3,0,25,0,0,0,1,0,0,0.0,0,0,1
273,2,1,41,0,0,0,0,1,0,19.5,0,0,1
274,1,0,37,0,0,0,1,0,0,29.7,1,0,0
275,3,1,29,0,0,1,0,0,0,7.75,0,1,0
276,1,1,63,0,0,1,0,0,1,77.9583,0,0,1
277,3,1,45,0,0,1,0,0,0,7.75,0,0,1
278,2,0,29,0,0,0,1,0,0,0.0,0,0,1
279,3,0,7,0,1,0,0,0,4,29.125,0,1,0
280,3,1,35,0,0,0,0,1,1,20.25,0,0,1
281,3,0,65,0,0,0,1,0,0,7.75,0,1,0
282,3,0,28,0,0,0,1,0,0,7.8542,0,0,1
283,3,0,16,0,0,0,1,0,0,9.5,0,0,1
284,3,0,19,0,0,0,1,0,0,8.05,0,0,1
285,1,0,29,0,0,0,1,0,0,26.0,0,0,1
286,3,0,33,0,0,0,1,0,0,8.6625,1,0,0
287,3,0,30,0,0,0,1,0,0,9.5,0,0,1
288,3,0,22,0,0,0,1,0,0,7.8958,0,0,1
289,2,0,42,0,0,0,1,0,0,13.0,0,0,1
290,3,1,22,0,0,1,0,0,0,7.75,0,1,0
291,1,1,26,0,0,1,0,0,0,78.85,0,0,1
292,1,1,19,0,0,0,0,1,1,91.0792,1,0,0
293,2,0,36,0,0,0,1,0,0,12.875,1,0,0
294,3,1,24,0,0,1,0,0,0,8.85,0,0,1
295,3,0,24,0,0,0,1,0,0,7.8958,0,0,1
296,1,0,29,0,0,0,1,0,0,27.7208,1,0,0
297,3,0,23,0,0,0,1,0,0,7.2292,1,0,0
298,1,1,2,0,0,1,0,0,1,151.55,0,0,1
299,1,0,29,0,0,0,1,0,0,30.5,0,0,1
300,1,1,50,0,0,0,0,1,0,247.5208,1,0,0
301,3,1,29,0,0,1,0,0,0,7.75,0,1,0
302,3,0,29,0,0,0,1,0,2,23.25,0,1,0
303,3,0,19,0,0,0,1,0,0,0.0,0,0,1
304,2,1,29,0,0,1,0,0,0,12.35,0,1,0
305,3,0,29,0,0,0,1,0,0,8.05,0,0,1
306,1,0,0,0,1,0,0,0,1,151.55,0,0,1
307,1,1,29,0,0,1,0,0,0,110.8833,1,0,0
308,1,1,17,0,0,0,0,1,1,108.9,1,0,0
309,2,0,30,0,0,0,1,0,1,24.0,1,0,0
310,1,1,30,0,0,1,0,0,0,56.9292,1,0,0
311,1,1,24,0,0,1,0,0,0,83.1583,1,0,0
312,1,1,18,0,0,1,0,0,2,262.375,1,0,0
313,2,1,26,0,0,0,0,1,1,26.0,0,0,1
314,3,0,28,0,0,0,1,0,0,7.8958,0,0,1
315,2,0,43,0,0,0,1,0,1,26.25,0,0,1
316,3,1,26,0,0,1,0,0,0,7.8542,0,0,1
317,2,1,24,0,0,0,0,1,1,26.0,0,0,1
318,2,0,54,1,0,0,0,0,0,14.0,0,0,1
319,1,1,31,0,0,1,0,0,0,164.8667,0,0,1
320,1,1,40,0,0,0,0,1,1,134.5,1,0,0
321,3,0,22,0,0,0,1,0,0,7.25,0,0,1
322,3,0,27,0,0,0,1,0,0,7.8958,0,0,1
323,2,1,30,0,0,1,0,0,0,12.35,0,1,0
324,2,1,22,0,0,0,0,1,1,29.0,0,0,1
325,3,0,29,0,0,0,1,0,8,69.55,0,0,1
326,1,1,36,0,0,1,0,0,0,135.6333,1,0,0
327,3,0,61,0,0,0,1,0,0,6.2375,0,0,1
328,2,1,36,0,0,0,0,1,0,13.0,0,0,1
329,3,1,31,0,0,0,0,1,1,20.525,0,0,1
330,1,1,16,0,0,1,0,0,0,57.9792,1,0,0
331,3,1,29,0,0,1,0,0,2,23.25,0,1,0
332,1,0,45,0,0,0,1,0,0,28.5,0,0,1
333,1,0,38,0,0,0,1,0,0,153.4625,0,0,1
334,3,0,16,0,0,0,1,0,2,18.0,0,0,1
335,1,1,29,0,0,0,0,1,1,133.65,0,0,1
336,3,0,29,0,0,0,1,0,0,7.8958,0,0,1
337,1,0,29,0,0,0,1,0,1,66.6,0,0,1
338,1,1,41,0,0,1,0,0,0,134.5,1,0,0
339,3,0,45,0,0,0,1,0,0,8.05,0,0,1
340,1,0,45,0,0,0,1,0,0,35.5,0,0,1
341,2,0,2,0,1,0,0,0,1,26.0,0,0,1
342,1,1,24,0,0,1,0,0,3,263.0,0,0,1
343,2,0,28,0,0,0,1,0,0,13.0,0,0,1
344,2,0,25,0,0,0,1,0,0,13.0,0,0,1
345,2,0,36,0,0,0,1,0,0,13.0,0,0,1
346,2,1,24,0,0,1,0,0,0,13.0,0,0,1
347,2,1,40,0,0,1,0,0,0,13.0,0,0,1
348,3,1,29,0,0,0,0,1,1,16.1,0,0,1
349,3,0,3,0,1,0,0,0,1,15.9,0,0,1
350,3,0,42,0,0,0,1,0,0,8.6625,0,0,1
351,3,0,23,0,0,0,1,0,0,9.225,0,0,1
352,1,0,29,0,0,0,1,0,0,35.0,0,0,1
353,3,0,15,0,0,0,1,0,1,7.2292,1,0,0
354,3,0,25,0,0,0,1,0,1,17.8,0,0,1
355,3,0,29,0,0,0,1,0,0,7.225,1,0,0
356,3,0,28,0,0,0,1,0,0,9.5,0,0,1
357,1,1,22,0,0,1,0,0,0,55.0,0,0,1
358,2,1,38,0,0,1,0,0,0,13.0,0,0,1
359,3,1,29,0,0,1,0,0,0,7.8792,0,1,0
360,3,1,29,0,0,1,0,0,0,7.8792,0,1,0
361,3,0,40,0,0,0,1,0,1,27.9,0,0,1
362,2,0,29,0,0,0,1,0,1,27.7208,1,0,0
363,3,1,45,0,0,0,0,1,0,14.4542,1,0,0
364,3,0,35,0,0,0,1,0,0,7.05,0,0,1
365,3,0,29,0,0,0,1,0,1,15.5,0,1,0
366,3,0,30,0,0,0,1,0,0,7.25,0,0,1
367,1,1,60,0,0,0,0,1,1,75.25,1,0,0
368,3,1,29,0,0,0,0,1,0,7.2292,1,0,0
369,3,1,29,0,0,1,0,0,0,7.75,0,1,0
370,1,1,24,0,0,0,0,0,0,69.3,1,0,0
371,1,0,25,0,0,0,1,0,1,55.4417,1,0,0
372,3,0,18,0,0,0,1,0,1,6.4958,0,0,1
373,3,0,19,0,0,0,1,0,0,8.05,0,0,1
374,1,0,22,0,0,0,1,0,0,135.6333,1,0,0
375,3,1,3,0,0,1,0,0,3,21.075,0,0,1
376,1,1,29,0,0,0,0,1,1,82.1708,1,0,0
377,3,1,22,0,0,1,0,0,0,7.25,0,0,1
378,1,0,27,0,0,0,1,0,0,211.5,1,0,0
379,3,0,20,0,0,0,1,0,0,4.0125,1,0,0
380,3,0,19,0,0,0,1,0,0,7.775,0,0,1
381,1,1,42,0,0,1,0,0,0,227.525,1,0,0
382,3,1,1,0,0,1,0,0,0,15.7417,1,0,0
383,3,0,32,0,0,0,1,0,0,7.925,0,0,1
384,1,1,35,0,0,0,0,1,1,52.0,0,0,1
385,3,0,29,0,0,0,1,0,0,7.8958,0,0,1
386,2,0,18,0,0,0,1,0,0,73.5,0,0,1
387,3,0,1,0,1,0,0,0,5,46.9,0,0,1
388,2,1,36,0,0,1,0,0,0,13.0,0,0,1
389,3,0,29,0,0,0,1,0,0,7.7292,0,1,0
390,2,1,17,0,0,1,0,0,0,12.0,1,0,0
391,1,0,36,0,0,0,1,0,1,120.0,0,0,1
392,3,0,21,0,0,0,1,0,0,7.7958,0,0,1
393,3,0,28,0,0,0,1,0,2,7.925,0,0,1
394,1,1,23,0,0,1,0,0,1,113.275,1,0,0
395,3,1,24,0,0,0,0,1,0,16.7,0,0,1
396,3,0,22,0,0,0,1,0,0,7.7958,0,0,1
397,3,1,31,0,0,1,0,0,0,7.8542,0,0,1
398,2,0,46,0,0,0,1,0,0,26.0,0,0,1
399,2,0,23,1,0,0,0,0,0,10.5,0,0,1
400,2,1,28,0,0,0,0,1,0,12.65,0,0,1
401,3,0,39,0,0,0,1,0,0,7.925,0,0,1
402,3,0,26,0,0,0,1,0,0,8.05,0,0,1
403,3,1,21,0,0,1,0,0,1,9.825,0,0,1
404,3,0,28,0,0,0,1,0,1,15.85,0,0,1
405,3,1,20,0,0,1,0,0,0,8.6625,0,0,1
406,2,0,34,0,0,0,1,0,1,21.0,0,0,1
407,3,0,51,0,0,0,1,0,0,7.75,0,0,1
408,2,0,3,0,1,0,0,0,1,18.75,0,0,1
409,3,0,21,0,0,0,1,0,0,7.775,0,0,1
410,3,1,29,0,0,1,0,0,3,25.4667,0,0,1
411,3,0,29,0,0,0,1,0,0,7.8958,0,0,1
412,3,0,29,0,0,0,1,0,0,6.8583,0,1,0
413,1,1,33,0,0,1,0,0,1,90.0,0,1,0
414,2,0,29,0,0,0,1,0,0,0.0,0,0,1
415,3,0,44,0,0,0,1,0,0,7.925,0,0,1
416,3,1,29,0,0,0,0,1,0,8.05,0,0,1
417,2,1,34,0,0,0,0,1,1,32.5,0,0,1
418,2,1,18,0,0,1,0,0,0,13.0,0,0,1
419,2,0,30,0,0,0,1,0,0,13.0,0,0,1
420,3,1,10,0,0,1,0,0,0,24.15,0,0,1
421,3,0,29,0,0,0,1,0,0,7.8958,1,0,0
422,3,0,21,0,0,0,1,0,0,7.7333,0,1,0
423,3,0,29,0,0,0,1,0,0,7.875,0,0,1
424,3,1,28,0,0,0,0,1,1,14.4,0,0,1
425,3,0,18,0,0,0,1,0,1,20.2125,0,0,1
426,3,0,29,0,0,0,1,0,0,7.25,0,0,1
427,2,1,28,0,0,0,0,1,1,26.0,0,0,1
428,2,1,19,0,0,1,0,0,0,26.0,0,0,1
429,3,0,29,0,0,0,1,0,0,7.75,0,1,0
430,3,0,32,0,0,0,1,0,0,8.05,0,0,1
431,1,0,28,0,0,0,1,0,0,26.55,0,0,1
432,3,1,29,0,0,0,0,1,1,16.1,0,0,1
433,2,1,42,0,0,0,0,1,1,26.0,0,0,1
434,3,0,17,0,0,0,1,0,0,7.125,0,0,1
435,1,0,50,0,0,0,1,0,1,55.9,0,0,1
436,1,1,14,0,0,1,0,0,1,120.0,0,0,1
437,3,1,21,0,0,1,0,0,2,34.375,0,0,1
438,2,1,24,0,0,0,0,1,2,18.75,0,0,1
439,1,0,64,0,0,0,1,0,1,263.0,0,0,1
440,2,0,31,0,0,0,1,0,0,10.5,0,0,1
441,2,1,45,0,0,0,0,1,1,26.25,0,0,1
442,3,0,20,0,0,0,1,0,0,9.5,0,0,1
443,3,0,25,0,0,0,1,0,1,7.775,0,0,1
444,2,1,28,0,0,0,0,0,0,13.0,0,0,1
445,3,0,29,0,0,0,1,0,0,8.1125,0,0,1
446,1,0,4,0,1,0,0,0,0,81.8583,0,0,1
447,2,1,13,0,0,1,0,0,0,19.5,0,0,1
448,1,0,34,0,0,0,1,0,0,26.55,0,0,1
449,3,1,5,0,0,1,0,0,2,19.2583,1,0,0
450,1,0,52,0,0,0,0,0,0,30.5,0,0,1
451,2,0,36,0,0,0,1,0,1,27.75,0,0,1
452,3,0,29,0,0,0,1,0,1,19.9667,0,0,1
453,1,0,30,0,0,0,1,0,0,27.75,1,0,0
454,1,0,49,0,0,0,1,0,1,89.1042,1,0,0
455,3,0,29,0,0,0,1,0,0,8.05,0,0,1
456,3,0,29,0,0,0,1,0,0,7.8958,1,0,0
457,1,0,65,0,0,0,1,0,0,26.55,0,0,1
458,1,1,29,0,0,0,0,1,1,51.8625,0,0,1
459,2,1,50,0,0,1,0,0,0,10.5,0,0,1
460,3,0,29,0,0,0,1,0,0,7.75,0,1,0
461,1,0,48,0,0,0,1,0,0,26.55,0,0,1
462,3,0,34,0,0,0,1,0,0,8.05,0,0,1
463,1,0,47,0,0,0,1,0,0,38.5,0,0,1
464,2,0,48,0,0,0,1,0,0,13.0,0,0,1
465,3,0,29,0,0,0,1,0,0,8.05,0,0,1
466,3,0,38,0,0,0,1,0,0,7.05,0,0,1
467,2,0,29,0,0,0,1,0,0,0.0,0,0,1
468,1,0,56,0,0,0,1,0,0,26.55,0,0,1
469,3,0,29,0,0,0,1,0,0,7.725,0,1,0
470,3,1,0,0,0,1,0,0,2,19.2583,1,0,0
471,3,0,29,0,0,0,1,0,0,7.25,0,0,1
472,3,0,38,0,0,0,1,0,0,8.6625,0,0,1
473,2,1,33,0,0,0,0,1,1,27.75,0,0,1
474,2,1,23,0,0,0,0,1,0,13.7917,1,0,0
475,3,1,22,0,0,1,0,0,0,9.8375,0,0,1
476,1,0,29,0,0,0,1,0,0,52.0,0,0,1
477,2,0,34,0,0,0,1,0,1,21.0,0,0,1
478,3,0,29,0,0,0,1,0,1,7.0458,0,0,1
479,3,0,22,0,0,0,1,0,0,7.5208,0,0,1
480,3,1,2,0,0,1,0,0,0,12.2875,0,0,1
481,3,0,9,0,1,0,0,0,5,46.9,0,0,1
482,2,0,29,0,0,0,1,0,0,0.0,0,0,1
483,3,0,50,0,0,0,1,0,0,8.05,0,0,1
484,3,1,63,0,0,0,0,1,0,9.5875,0,0,1
485,1,0,25,0,0,0,1,0,1,91.0792,1,0,0
486,3,1,29,0,0,1,0,0,3,25.4667,0,0,1
487,1,1,35,0,0,0,0,1,1,90.0,0,0,1
488,1,0,58,0,0,0,1,0,0,29.7,1,0,0
489,3,0,30,0,0,0,1,0,0,8.05,0,0,1
490,3,0,9,0,1,0,0,0,1,15.9,0,0,1
491,3,0,29,0,0,0,1,0,1,19.9667,0,0,1
492,3,0,21,0,0,0,1,0,0,7.25,0,0,1
493,1,0,55,0,0,0,1,0,0,30.5,0,0,1
494,1,0,71,0,0,0,1,0,0,49.5042,1,0,0
495,3,0,21,0,0,0,1,0,0,8.05,0,0,1
496,3,0,29,0,0,0,1,0,0,14.4583,1,0,0
497,1,1,54,0,0,1,0,0,1,78.2667,1,0,0
498,3,0,29,0,0,0,1,0,0,15.1,0,0,1
499,1,1,25,0,0,0,0,1,1,151.55,0,0,1
500,3,0,24,0,0,0,1,0,0,7.7958,0,0,1
501,3,0,17,0,0,0,1,0,0,8.6625,0,0,1
502,3,1,21,0,0,1,0,0,0,7.75,0,1,0
503,3,1,29,0,0,1,0,0,0,7.6292,0,1,0
504,3,1,37,0,0,1,0,0,0,9.5875,0,0,1
505,1,1,16,0,0,1,0,0,0,86.5,0,0,1
506,1,0,18,0,0,0,1,0,1,108.9,1,0,0
507,2,1,33,0,0,0,0,1,0,26.0,0,0,1
508,1,0,29,0,0,0,1,0,0,26.55,0,0,1
509,3,0,28,0,0,0,1,0,0,22.525,0,0,1
510,3,0,26,0,0,0,1,0,0,56.4958,0,0,1
511,3,0,29,0,0,0,1,0,0,7.75,0,1,0
512,3,0,29,0,0,0,1,0,0,8.05,0,0,1
513,1,0,36,0,0,0,1,0,0,26.2875,0,0,1
514,1,1,54,0,0,0,0,1,1,59.4,1,0,0
515,3,0,24,0,0,0,1,0,0,7.4958,0,0,1
516,1,0,47,0,0,0,1,0,0,34.0208,0,0,1
517,2,1,34,0,0,0,0,1,0,10.5,0,0,1
518,3,0,29,0,0,0,1,0,0,24.15,0,1,0
519,2,1,36,0,0,0,0,1,1,26.0,0,0,1
520,3,0,32,0,0,0,1,0,0,7.8958,0,0,1
521,1,1,30,0,0,1,0,0,0,93.5,0,0,1
522,3,0,22,0,0,0,1,0,0,7.8958,0,0,1
523,3,0,29,0,0,0,1,0,0,7.225,1,0,0
524,1,1,44,0,0,0,0,1,0,57.9792,1,0,0
525,3,0,29,0,0,0,1,0,0,7.2292,1,0,0
526,3,0,40,0,0,0,1,0,0,7.75,0,1,0
527,2,1,50,0,0,1,0,0,0,10.5,0,0,1
528,1,0,29,0,0,0,1,0,0,221.7792,0,0,1
529,3,0,39,0,0,0,1,0,0,7.925,0,0,1
530,2,0,23,0,0,0,1,0,2,11.5,0,0,1
531,2,1,2,0,0,1,0,0,1,26.0,0,0,1
532,3,0,29,0,0,0,1,0,0,7.2292,1,0,0
533,3,0,17,0,0,0,1,0,1,7.2292,1,0,0
534,3,1,29,0,0,0,0,1,0,22.3583,1,0,0
535,3,1,30,0,0,1,0,0,0,8.6625,0,0,1
536,2,1,7,0,0,1,0,0,0,26.25,0,0,1
537,1,0,45,0,0,0,0,0,0,26.55,0,0,1
538,1,1,30,0,0,1,0,0,0,106.425,1,0,0
539,3,0,29,0,0,0,1,0,0,14.5,0,0,1
540,1,1,22,0,0,1,0,0,0,49.5,1,0,0
541,1,1,36,0,0,1,0,0,0,71.0,0,0,1
542,3,1,9,0,0,1,0,0,4,31.275,0,0,1
543,3,1,11,0,0,1,0,0,4,31.275,0,0,1
544,2,0,32,0,0,0,1,0,1,26.0,0,0,1
545,1,0,50,0,0,0,1,0,1,106.425,1,0,0
546,1,0,64,0,0,0,1,0,0,26.0,0,0,1
547,2,1,19,0,0,0,0,1,1,26.0,0,0,1
548,2,0,29,0,0,0,1,0,0,13.8625,1,0,0
549,3,0,33,0,0,0,1,0,1,20.525,0,0,1
550,2,0,8,0,1,0,0,0,1,36.75,0,0,1
551,1,0,17,0,0,0,1,0,0,110.8833,1,0,0
552,2,0,27,0,0,0,1,0,0,26.0,0,0,1
553,3,0,29,0,0,0,1,0,0,7.8292,0,1,0
554,3,0,22,0,0,0,1,0,0,7.225,1,0,0
555,3,1,22,0,0,1,0,0,0,7.775,0,0,1
556,1,0,62,0,0,0,1,0,0,26.55,0,0,1
557,1,1,48,0,0,0,0,0,1,39.6,1,0,0
558,1,0,29,0,0,0,1,0,0,227.525,1,0,0
559,1,1,39,0,0,0,0,1,1,79.65,0,0,1
560,3,1,36,0,0,0,0,1,1,17.4,0,0,1
561,3,0,29,0,0,0,1,0,0,7.75,0,1,0
562,3,0,40,0,0,0,1,0,0,7.8958,0,0,1
563,2,0,28,0,0,0,1,0,0,13.5,0,0,1
564,3,0,29,0,0,0,1,0,0,8.05,0,0,1
565,3,1,29,0,0,1,0,0,0,8.05,0,0,1
566,3,0,24,0,0,0,1,0,2,24.15,0,0,1
567,3,0,19,0,0,0,1,0,0,7.8958,0,0,1
568,3,1,29,0,0,0,0,1,0,21.075,0,0,1
569,3,0,29,0,0,0,1,0,0,7.2292,1,0,0
570,3,0,32,0,0,0,1,0,0,7.8542,0,0,1
571,2,0,62,0,0,0,1,0,0,10.5,0,0,1
572,1,1,53,0,0,0,0,1,2,51.4792,0,0,1
573,1,0,36,0,0,0,1,0,0,26.3875,0,0,1
574,3,1,29,0,0,1,0,0,0,7.75,0,1,0
575,3,0,16,0,0,0,1,0,0,8.05,0,0,1
576,3,0,19,0,0,0,1,0,0,14.5,0,0,1
577,2,1,34,0,0,1,0,0,0,13.0,0,0,1
578,1,1,39,0,0,0,0,1,1,55.9,0,0,1
579,3,1,29,0,0,0,0,1,1,14.4583,1,0,0
580,3,0,32,0,0,0,1,0,0,7.925,0,0,1
581,2,1,25,0,0,1,0,0,1,30.0,0,0,1
582,1,1,39,0,0,0,0,1,1,110.8833,1,0,0
583,2,0,54,0,0,0,1,0,0,26.0,0,0,1
584,1,0,36,0,0,0,1,0,0,40.125,1,0,0
585,3,0,29,0,0,0,1,0,0,8.7125,1,0,0
586,1,1,18,0,0,1,0,0,0,79.65,0,0,1
587,2,0,47,0,0,0,1,0,0,15.0,0,0,1
588,1,0,60,0,0,0,1,0,1,79.2,1,0,0
589,3,0,22,0,0,0,1,0,0,8.05,0,0,1
590,3,0,29,0,0,0,1,0,0,8.05,0,0,1
591,3,0,35,0,0,0,1,0,0,7.125,0,0,1
592,1,1,52,0,0,0,0,1,1,78.2667,1,0,0
593,3,0,47,0,0,0,1,0,0,7.25,0,0,1
594,3,1,29,0,0,1,0,0,0,7.75,0,1,0
595,2,0,37,0,0,0,1,0,1,26.0,0,0,1
596,3,0,36,0,0,0,1,0,1,24.15,0,0,1
597,2,1,29,0,0,1,0,0,0,33.0,0,0,1
598,3,0,49,0,0,0,1,0,0,0.0,0,0,1
599,3,0,29,0,0,0,1,0,0,7.225,1,0,0
600,1,0,49,0,0,0,0,0,1,56.9292,1,0,0
601,2,1,24,0,0,0,0,1,2,27.0,0,0,1
602,3,0,29,0,0,0,1,0,0,7.8958,0,0,1
603,1,0,29,0,0,0,1,0,0,42.4,0,0,1
604,3,0,44,0,0,0,1,0,0,8.05,0,0,1
605,1,0,35,0,0,0,1,0,0,26.55,1,0,0
606,3,0,36,0,0,0,1,0,1,15.55,0,0,1
607,3,0,30,0,0,0,1,0,0,7.8958,0,0,1
608,1,0,27,0,0,0,1,0,0,30.5,0,0,1
609,2,1,22,0,0,0,0,1,1,41.5792,1,0,0
610,1,1,40,0,0,1,0,0,0,153.4625,0,0,1
611,3,1,39,0,0,0,0,1,1,31.275,0,0,1
612,3,0,29,0,0,0,1,0,0,7.05,0,0,1
613,3,1,29,0,0,1,0,0,1,15.5,0,1,0
614,3,0,29,0,0,0,1,0,0,7.75,0,1,0
615,3,0,35,0,0,0,1,0,0,8.05,0,0,1
616,2,1,24,0,0,1,0,0,1,65.0,0,0,1
617,3,0,34,0,0,0,1,0,1,14.4,0,0,1
618,3,1,26,0,0,0,0,1,1,16.1,0,0,1
619,2,1,4,0,0,1,0,0,2,39.0,0,0,1
620,2,0,26,0,0,0,1,0,0,10.5,0,0,1
621,3,0,27,0,0,0,1,0,1,14.4542,1,0,0
622,1,0,42,0,0,0,1,0,1,52.5542,0,0,1
623,3,0,20,0,0,0,1,0,1,15.7417,1,0,0
624,3,0,21,0,0,0,1,0,0,7.8542,0,0,1
625,3,0,21,0,0,0,1,0,0,16.1,0,0,1
626,1,0,61,0,0,0,1,0,0,32.3208,0,0,1
627,2,0,57,0,0,0,0,0,0,12.35,0,1,0
628,1,1,21,0,0,1,0,0,0,77.9583,0,0,1
629,3,0,26,0,0,0,1,0,0,7.8958,0,0,1
630,3,0,29,0,0,0,1,0,0,7.7333,0,1,0
631,1,0,80,0,0,0,1,0,0,30.0,0,0,1
632,3,0,51,0,0,0,1,0,0,7.0542,0,0,1
633,1,0,32,1,0,0,0,0,0,30.5,1,0,0
634,1,0,29,0,0,0,1,0,0,0.0,0,0,1
635,3,1,9,0,0,1,0,0,3,27.9,0,0,1
636,2,1,28,0,0,1,0,0,0,13.0,0,0,1
637,3,0,32,0,0,0,1,0,0,7.925,0,0,1
638,2,0,31,0,0,0,1,0,1,26.25,0,0,1
639,3,1,41,0,0,0,0,1,0,39.6875,0,0,1
640,3,0,29,0,0,0,1,0,1,16.1,0,0,1
641,3,0,20,0,0,0,1,0,0,7.8542,0,0,1
642,1,1,24,0,0,0,0,0,0,69.3,1,0,0
643,3,1,2,0,0,1,0,0,3,27.9,0,0,1
644,3,0,29,0,0,0,1,0,0,56.4958,0,0,1
645,3,1,0,0,0,1,0,0,2,19.2583,1,0,0
646,1,0,48,0,0,0,1,0,1,76.7292,1,0,0
647,3,0,19,0,0,0,1,0,0,7.8958,0,0,1
648,1,0,56,0,0,0,0,0,0,35.5,1,0,0
649,3,0,29,0,0,0,1,0,0,7.55,0,0,1
650,3,1,23,0,0,1,0,0,0,7.55,0,0,1
651,3,0,29,0,0,0,1,0,0,7.8958,0,0,1
652,2,1,18,0,0,1,0,0,0,23.0,0,0,1
653,3,0,21,0,0,0,1,0,0,8.4333,0,0,1
654,3,1,29,0,0,1,0,0,0,7.8292,0,1,0
655,3,1,18,0,0,1,0,0,0,6.75,0,1,0
656,2,0,24,0,0,0,1,0,2,73.5,0,0,1
657,3,0,29,0,0,0,1,0,0,7.8958,0,0,1
658,3,1,32,0,0,0,0,1,1,15.5,0,1,0
659,2,0,23,0,0,0,1,0,0,13.0,0,0,1
660,1,0,58,0,0,0,1,0,0,113.275,1,0,0
661,1,0,50,1,0,0,0,0,2,133.65,0,0,1
662,3,0,40,0,0,0,1,0,0,7.225,1,0,0
663,1,0,47,0,0,0,1,0,0,25.5875,0,0,1
664,3,0,36,0,0,0,1,0,0,7.4958,0,0,1
665,3,0,20,0,0,0,1,0,1,7.925,0,0,1
666,2,0,32,0,0,0,1,0,2,73.5,0,0,1
667,2,0,25,0,0,0,1,0,0,13.0,0,0,1
668,3,0,29,0,0,0,1,0,0,7.775,0,0,1
669,3,0,43,0,0,0,1,0,0,8.05,0,0,1
670,1,1,29,0,0,0,0,1,1,52.0,0,0,1
671,2,1,40,0,0,0,0,1,1,39.0,0,0,1
672,1,0,31,0,0,0,1,0,1,52.0,0,0,1
673,2,0,70,0,0,0,1,0,0,10.5,0,0,1
674,2,0,31,0,0,0,1,0,0,13.0,0,0,1
675,2,0,29,0,0,0,1,0,0,0.0,0,0,1
676,3,0,18,0,0,0,1,0,0,7.775,0,0,1
677,3,0,24,0,0,0,1,0,0,8.05,0,0,1
678,3,1,18,0,0,1,0,0,0,9.8417,0,0,1
679,3,1,43,0,0,0,0,1,1,46.9,0,0,1
680,1,0,36,0,0,0,1,0,0,512.3292,1,0,0
681,3,1,29,0,0,1,0,0,0,8.1375,0,1,0
682,1,0,27,0,0,0,1,0,0,76.7292,1,0,0
683,3,0,20,0,0,0,1,0,0,9.225,0,0,1
684,3,0,14,0,0,0,1,0,5,46.9,0,0,1
685,2,0,60,0,0,0,1,0,1,39.0,0,0,1
686,2,0,25,0,0,0,1,0,1,41.5792,1,0,0
687,3,0,14,0,0,0,1,0,4,39.6875,0,0,1
688,3,0,19,0,0,0,1,0,0,10.1708,0,0,1
689,3,0,18,0,0,0,1,0,0,7.7958,0,0,1
690,1,1,15,0,0,1,0,0,0,211.3375,0,0,1
691,1,0,31,0,0,0,1,0,1,57.0,0,0,1
692,3,1,4,0,0,1,0,0,0,13.4167,1,0,0
693,3,0,29,0,0,0,1,0,0,56.4958,0,0,1
694,3,0,25,0,0,0,1,0,0,7.225,1,0,0
695,1,0,60,0,0,0,0,0,0,26.55,0,0,1
696,2,0,52,0,0,0,1,0,0,13.5,0,0,1
697,3,0,44,0,0,0,1,0,0,8.05,0,0,1
698,3,1,29,0,0,1,0,0,0,7.7333,0,1,0
699,1,0,49,0,0,0,1,0,1,110.8833,1,0,0
700,3,0,42,0,0,0,1,0,0,7.65,0,0,1
701,1,1,18,0,0,0,0,1,1,227.525,1,0,0
702,1,0,35,0,0,0,1,0,0,26.2875,0,0,1
703,3,1,18,0,0,1,0,0,0,14.4542,1,0,0
704,3,0,25,0,0,0,1,0,0,7.7417,0,1,0
705,3,0,26,0,0,0,1,0,1,7.8542,0,0,1
706,2,0,39,0,0,0,1,0,0,26.0,0,0,1
707,2,1,45,0,0,0,0,1,0,13.5,0,0,1
708,1,0,42,0,0,0,1,0,0,26.2875,0,0,1
709,1,1,22,0,0,1,0,0,0,151.55,0,0,1
710,3,0,29,0,1,0,0,0,1,15.2458,1,0,0
711,1,1,24,0,0,0,0,0,0,49.5042,1,0,0
712,1,0,29,0,0,0,1,0,0,26.55,0,0,1
713,1,0,48,0,0,0,1,0,1,52.0,0,0,1
714,3,0,29,0,0,0,1,0,0,9.4833,0,0,1
715,2,0,52,0,0,0,1,0,0,13.0,0,0,1
716,3,0,19,0,0,0,1,0,0,7.65,0,0,1
717,1,1,38,0,0,1,0,0,0,227.525,1,0,0
718,2,1,27,0,0,1,0,0,0,10.5,0,0,1
719,3,0,29,0,0,0,1,0,0,15.5,0,1,0
720,3,0,33,0,0,0,1,0,0,7.775,0,0,1
721,2,1,6,0,0,1,0,0,0,33.0,0,0,1
722,3,0,17,0,0,0,1,0,1,7.0542,0,0,1
723,2,0,34,0,0,0,1,0,0,13.0,0,0,1
724,2,0,50,0,0,0,1,0,0,13.0,0,0,1
725,1,0,27,0,0,0,1,0,1,53.1,0,0,1
726,3,0,20,0,0,0,1,0,0,8.6625,0,0,1
727,2,1,30,0,0,0,0,1,3,21.0,0,0,1
728,3,1,29,0,0,1,0,0,0,7.7375,0,1,0
729,2,0,25,0,0,0,1,0,1,26.0,0,0,1
730,3,1,25,0,0,1,0,0,1,7.925,0,0,1
731,1,1,29,0,0,1,0,0,0,211.3375,0,0,1
732,3,0,11,0,0,0,1,0,0,18.7875,1,0,0
733,2,0,29,0,0,0,1,0,0,0.0,0,0,1
734,2,0,23,0,0,0,1,0,0,13.0,0,0,1
735,2,0,23,0,0,0,1,0,0,13.0,0,0,1
736,3,0,28,0,0,0,1,0,0,16.1,0,0,1
737,3,1,48,0,0,0,0,1,1,34.375,0,0,1
738,1,0,35,0,0,0,1,0,0,512.3292,1,0,0
739,3,0,29,0,0,0,1,0,0,7.8958,0,0,1
740,3,0,29,0,0,0,1,0,0,7.8958,0,0,1
741,1,0,29,0,0,0,1,0,0,30.0,0,0,1
742,1,0,36,0,0,0,1,0,1,78.85,0,0,1
743,1,1,21,0,0,1,0,0,2,262.375,1,0,0
744,3,0,24,0,0,0,1,0,1,16.1,0,0,1
745,3,0,31,0,0,0,1,0,0,7.925,0,0,1
746,1,0,70,0,0,0,0,0,1,71.0,0,0,1
747,3,0,16,0,0,0,1,0,1,20.25,0,0,1
748,2,1,30,0,0,1,0,0,0,13.0,0,0,1
749,1,0,19,0,0,0,1,0,1,53.1,0,0,1
750,3,0,31,0,0,0,1,0,0,7.75,0,1,0
751,2,1,4,0,0,1,0,0,1,23.0,0,0,1
752,3,0,6,0,1,0,0,0,0,12.475,0,0,1
753,3,0,33,0,0,0,1,0,0,9.5,0,0,1
754,3,0,23,0,0,0,1,0,0,7.8958,0,0,1
755,2,1,48,0,0,0,0,1,1,65.0,0,0,1
756,2,0,0,0,1,0,0,0,1,14.5,0,0,1
757,3,0,28,0,0,0,1,0,0,7.7958,0,0,1
758,2,0,18,0,0,0,1,0,0,11.5,0,0,1
759,3,0,34,0,0,0,1,0,0,8.05,0,0,1
760,1,1,33,0,0,0,0,0,0,86.5,0,0,1
761,3,0,29,0,0,0,1,0,0,14.5,0,0,1
762,3,0,41,0,0,0,1,0,0,7.125,0,0,1
763,3,0,20,0,0,0,1,0,0,7.2292,1,0,0
764,1,1,36,0,0,0,0,1,1,120.0,0,0,1
765,3,0,16,0,0,0,1,0,0,7.775,0,0,1
766,1,1,51,0,0,0,0,1,1,77.9583,0,0,1
767,1,0,29,1,0,0,0,0,0,39.6,1,0,0
768,3,1,30,0,0,1,0,0,0,7.75,0,1,0
769,3,0,29,0,0,0,1,0,1,24.15,0,1,0
770,3,0,32,0,0,0,1,0,0,8.3625,0,0,1
771,3,0,24,0,0,0,1,0,0,9.5,0,0,1
772,3,0,48,0,0,0,1,0,0,7.8542,0,0,1
773,2,1,57,0,0,0,0,1,0,10.5,0,0,1
774,3,0,29,0,0,0,1,0,0,7.225,1,0,0
775,2,1,54,0,0,0,0,1,1,23.0,0,0,1
776,3,0,18,0,0,0,1,0,0,7.75,0,0,1
777,3,0,29,0,0,0,1,0,0,7.75,0,1,0
778,3,1,5,0,0,1,0,0,0,12.475,0,0,1
779,3,0,29,0,0,0,1,0,0,7.7375,0,1,0
780,1,1,43,0,0,0,0,1,0,211.3375,0,0,1
781,3,1,13,0,0,1,0,0,0,7.2292,1,0,0
782,1,1,17,0,0,0,0,1,1,57.0,0,0,1
783,1,0,29,0,0,0,1,0,0,30.0,0,0,1
784,3,0,29,0,0,0,1,0,1,23.45,0,0,1
785,3,0,25,0,0,0,1,0,0,7.05,0,0,1
786,3,0,25,0,0,0,1,0,0,7.25,0,0,1
787,3,1,18,0,0,1,0,0,0,7.4958,0,0,1
788,3,0,8,0,1,0,0,0,4,29.125,0,1,0
789,3,0,1,0,1,0,0,0,1,20.575,0,0,1
790,1,0,46,0,0,0,1,0,0,79.2,1,0,0
791,3,0,29,0,0,0,1,0,0,7.75,0,1,0
792,2,0,16,0,0,0,1,0,0,26.0,0,0,1
793,3,1,29,0,0,1,0,0,8,69.55,0,0,1
794,1,0,29,0,0,0,1,0,0,30.6958,1,0,0
795,3,0,25,0,0,0,1,0,0,7.8958,0,0,1
796,2,0,39,0,0,0,1,0,0,13.0,0,0,1
797,1,1,49,1,0,0,0,0,0,25.9292,0,0,1
798,3,1,31,0,0,0,0,1,0,8.6833,0,0,1
799,3,0,30,0,0,0,1,0,0,7.2292,1,0,0
800,3,1,30,0,0,0,0,1,1,24.15,0,0,1
801,2,0,34,0,0,0,1,0,0,13.0,0,0,1
802,2,1,31,0,0,0,0,1,1,26.25,0,0,1
803,1,0,11,0,1,0,0,0,1,120.0,0,0,1
804,3,0,0,0,1,0,0,0,0,8.5167,1,0,0
805,3,0,27,0,0,0,1,0,0,6.975,0,0,1
806,3,0,31,0,0,0,1,0,0,7.775,0,0,1
807,1,0,39,0,0,0,1,0,0,0.0,0,0,1
808,3,1,18,0,0,1,0,0,0,7.775,0,0,1
809,2,0,39,0,0,0,1,0,0,13.0,0,0,1
810,1,1,33,0,0,0,0,1,1,53.1,0,0,1
811,3,0,26,0,0,0,1,0,0,7.8875,0,0,1
812,3,0,39,0,0,0,1,0,0,24.15,0,0,1
813,2,0,35,0,0,0,1,0,0,10.5,0,0,1
814,3,1,6,0,0,1,0,0,4,31.275,0,0,1
815,3,0,30,0,0,0,1,0,0,8.05,0,0,1
816,1,0,29,0,0,0,1,0,0,0.0,0,0,1
817,3,1,23,0,0,1,0,0,0,7.925,0,0,1
818,2,0,31,0,0,0,1,0,1,37.0042,1,0,0
819,3,0,43,0,0,0,1,0,0,6.45,0,0,1
820,3,0,10,0,1,0,0,0,3,27.9,0,0,1
821,1,1,52,0,0,0,0,1,1,93.5,0,0,1
822,3,0,27,0,0,0,1,0,0,8.6625,0,0,1
823,1,0,38,0,0,0,0,0,0,0.0,0,0,1
824,3,1,27,0,0,0,0,1,0,12.475,0,0,1
825,3,0,2,0,1,0,0,0,4,39.6875,0,0,1
826,3,0,29,0,0,0,1,0,0,6.95,0,1,0
827,3,0,29,0,0,0,1,0,0,56.4958,0,0,1
828,2,0,1,0,1,0,0,0,0,37.0042,1,0,0
829,3,0,29,0,0,0,1,0,0,7.75,0,1,0
830,1,1,62,0,0,0,0,1,0,80.0,0,0,0
831,3,1,15,0,0,0,0,1,1,14.4542,1,0,0
832,2,0,0,0,1,0,0,0,1,18.75,0,0,1
833,3,0,29,0,0,0,1,0,0,7.2292,1,0,0
834,3,0,23,0,0,0,1,0,0,7.8542,0,0,1
835,3,0,18,0,0,0,1,0,0,8.3,0,0,1
836,1,1,39,0,0,1,0,0,1,83.1583,1,0,0
837,3,0,21,0,0,0,1,0,0,8.6625,0,0,1
838,3,0,29,0,0,0,1,0,0,8.05,0,0,1
839,3,0,32,0,0,0,1,0,0,56.4958,0,0,1
840,1,0,29,0,0,0,1,0,0,29.7,1,0,0
841,3,0,20,0,0,0,1,0,0,7.925,0,0,1
842,2,0,16,0,0,0,1,0,0,10.5,0,0,1
843,1,1,30,0,0,1,0,0,0,31.0,1,0,0
844,3,0,34,0,0,0,1,0,0,6.4375,1,0,0
845,3,0,17,0,0,0,1,0,0,8.6625,0,0,1
846,3,0,42,0,0,0,1,0,0,7.55,0,0,1
847,3,0,29,0,0,0,1,0,8,69.55,0,0,1
848,3,0,35,0,0,0,1,0,0,7.8958,1,0,0
849,2,0,28,0,0,0,0,0,0,33.0,0,0,1
850,1,1,29,0,0,0,0,1,1,89.1042,1,0,0
851,3,0,4,0,1,0,0,0,4,31.275,0,0,1
852,3,0,74,0,0,0,1,0,0,7.775,0,0,1
853,3,1,9,0,0,1,0,0,1,15.2458,1,0,0
854,1,1,16,0,0,1,0,0,0,39.4,0,0,1
855,2,1,44,0,0,0,0,1,1,26.0,0,0,1
856,3,1,18,0,0,0,0,1,0,9.35,0,0,1
857,1,1,45,0,0,0,0,1,1,164.8667,0,0,1
858,1,0,51,0,0,0,1,0,0,26.55,0,0,1
859,3,1,24,0,0,0,0,1,0,19.2583,1,0,0
860,3,0,29,0,0,0,1,0,0,7.2292,1,0,0
861,3,0,41,0,0,0,1,0,2,14.1083,0,0,1
862,2,0,21,0,0,0,1,0,1,11.5,0,0,1
863,1,1,48,0,0,0,0,1,0,25.9292,0,0,1
864,3,1,29,0,0,1,0,0,8,69.55,0,0,1
865,2,0,24,0,0,0,1,0,0,13.0,0,0,1
866,2,1,42,0,0,0,0,1,0,13.0,0,0,1
867,2,1,27,0,0,1,0,0,1,13.8583,1,0,0
868,1,0,31,0,0,0,1,0,0,50.4958,0,0,1
869,3,0,29,0,0,0,1,0,0,9.5,0,0,1
870,3,0,4,0,1,0,0,0,1,11.1333,0,0,1
871,3,0,26,0,0,0,1,0,0,7.8958,0,0,1
872,1,1,47,0,0,0,0,1,1,52.5542,0,0,1
873,1,0,33,0,0,0,1,0,0,5.0,0,0,1
874,3,0,47,0,0,0,1,0,0,9.0,0,0,1
875,2,1,28,0,0,0,0,1,1,24.0,1,0,0
876,3,1,15,0,0,1,0,0,0,7.225,1,0,0
877,3,0,20,0,0,0,1,0,0,9.8458,0,0,1
878,3,0,19,0,0,0,1,0,0,7.8958,0,0,1
879,3,0,29,0,0,0,1,0,0,7.8958,0,0,1
880,1,1,56,0,0,0,0,1,0,83.1583,1,0,0
881,2,1,25,0,0,0,0,1,0,26.0,0,0,1
882,3,0,33,0,0,0,1,0,0,7.8958,0,0,1
883,3,1,22,0,0,1,0,0,0,10.5167,0,0,1
884,2,0,28,0,0,0,1,0,0,10.5,0,0,1
885,3,0,25,0,0,0,1,0,0,7.05,0,0,1
886,3,1,39,0,0,0,0,1,0,29.125,0,1,0
887,2,0,27,0,0,0,0,0,0,13.0,0,0,1
888,1,1,19,0,0,1,0,0,0,30.0,0,0,1
889,3,1,29,0,0,1,0,0,1,23.45,0,0,1
890,1,0,26,0,0,0,1,0,0,30.0,1,0,0
891,3,0,32,0,0,0,1,0,0,7.75,0,1,0
